subj,ParticID,AgeRange,Gender,SubCulture,SongListened,InterestedPre,DistressedPre,ExcitedPre,UpsetPre,StrongPre,GuiltyPre,ScaredPre,HostilePre,EnthusiasticPre,ProudPre,IrritablePre,AlertPre,AshamedPre,InspiredPre,NervousPre,DeterminedPre,AttentivePre,JitteryPre,ActivePre,AfraidPre,InterestedPost,DistressedPost,ExcitedPost,UpsetPost,StrongPost,GuiltyPost,ScaredPost,HostilePost,EnthusiasticPost,ProudPost,IrritablePost,AlertPost,AshamedPost,InspiredPost,NervousPost,DeterminedPost,AttentivePost,JitteryPost,ActivePost,AfraidPost,ERSQ1,ERSQ2,ERSQ3,ERSQ4,ERSQ5,ERSQ6,ERSQ7,ERSQ8,ERSQ9,ERSQ10,ERSQ11,ERSQ12,ERSQ13,ERSQ14,ERSQ15,ERSQ16,ERSQ17,ERSQ18
17,0,22-25,Female,Goth,Monitor,3,2,3,2,3,1,2,1,3,3,1,2,1,3,3,3,3,2,2,2,3,1,4,1,4,1,1,1,4,4,1,2,1,4,2,4,3,2,2,2,1,4,2,1,5,4,4,2,4,4,1,3,5,1,4,5,4,1
18,0,22-25,Male,Metal,Infant annilator ,3,1,3,1,5,1,1,1,2,3,1,3,1,1,1,2,2,1,2,1,2,1,1,1,5,1,1,1,2,1,1,2,1,2,1,1,2,1,2,1,4,4,4,4,4,3,4,4,4,4,4,3,3,4,4,3,2,4
22,0,31,Male,Goth,The Hanging Garden - The Cure,2,1,2,1,1,1,1,1,2,1,1,1,1,1,1,1,1,2,1,1,3,1,3,1,2,1,1,1,3,2,1,2,1,3,1,2,2,1,2,1,1,2,3,4,4,4,4,3,3,2,4,2,2,4,4,2,5,4
23,0,31,Male,Metal,Enter Sandman - Metallica,4,2,3,2,2,2,1,1,2,1,2,1,2,2,1,2,3,1,2,1,4,1,3,1,3,1,1,1,3,1,1,1,1,3,1,3,4,1,3,1,2,4,2,3,3,3,3,2,4,4,2,4,4,2,2,4,3,2
24,0,18-21,Female,Metal,Metalhead ,2,4,2,2,1,1,4,4,1,2,3,4,1,1,4,2,1,4,1,2,4,1,3,2,4,1,2,2,3,4,2,3,1,4,2,1,2,3,3,2,5,3,4,5,4,4,3,5,3,4,5,3,5,3,4,5,4,4
25,0,18-21,Female,Emo,My chemical romance ,4,3,1,3,1,5,3,3,3,1,4,3,4,2,2,2,2,4,1,2,3,3,4,3,4,2,3,3,3,4,3,4,2,4,2,4,3,2,3,2,5,2,1,3,4,4,4,4,4,5,5,4,4,4,4,5,3,4
26,0,31,Male,Metal,Falling Away From Me - Korn,4,1,4,1,2,4,2,1,4,1,1,2,2,4,1,2,4,3,1,1,4,1,5,1,2,2,1,2,5,1,1,4,2,5,1,5,4,1,2,1,5,5,5,5,4,4,5,5,4,5,5,4,4,5,5,5,5,5
27,0,31,Male,Goth,Black Planet - Sisters of Mercy,3,1,1,1,2,2,1,1,3,1,2,3,2,2,1,3,3,1,3,1,3,1,3,1,2,1,1,1,2,2,1,2,1,3,1,3,2,1,2,1,4,5,5,5,3,3,2,4,2,3,5,4,4,4,4,2,2,5
30,0,22-25,NB,Emo,Drink Deep - Rites of Spring,2,2,1,3,1,2,2,1,1,1,4,3,2,1,2,1,1,1,1,2,2,2,2,2,1,2,2,2,1,1,3,2,2,2,2,1,2,1,1,2,2,3,2,2,4,4,3,3,4,5,4,3,4,2,3,4,4,2
31,0,18-21,NB,Goth,Sweet Dreams - Marilyn Manson,1,1,1,1,1,1,1,1,1,1,1,1,1,1,1,1,3,1,1,1,1,1,1,1,1,1,1,1,1,1,1,1,1,1,2,1,3,1,2,1,4,4,4,4,4,4,3,4,4,4,4,3,3,4,4,4,3,4
32,0,26-30,Male,Goth,Kiss Kiss Bang Bang � Specimen ,1,2,1,3,3,2,1,1,1,2,3,1,1,1,3,1,2,3,1,1,3,1,2,1,3,1,1,1,1,2,3,1,1,1,3,1,1,1,1,1,4,2,2,2,3,2,1,3,1,1,4,2,1,1,2,1,3,2
33,0,18-21,Female,Main,Bad romance - Lady Gaga,5,1,4,1,3,1,1,1,5,4,3,3,1,5,1,4,5,2,3,1,5,1,3,1,4,1,1,1,5,4,3,2,1,5,1,5,3,1,2,1,5,3,5,5,5,5,4,5,5,4,4,4,5,5,5,5,5,5
34,0,31,Male,Goth,Mask - Bauhaus,3,1,2,1,3,2,1,1,2,4,2,3,1,3,1,3,4,2,2,1,3,1,3,1,3,1,1,1,3,3,1,4,1,3,1,3,4,1,3,1,4,3,4,4,4,4,4,4,3,4,4,4,4,3,4,4,4,4
40,0,26-30,Male,Goth,The Hanging Garden � The Cure,3,1,2,1,2,1,1,1,3,1,1,1,1,1,1,1,1,2,3,1,1,1,1,1,1,1,1,1,1,1,1,1,1,3,1,1,1,1,1,1,4,3,2,5,3,2,2,4,3,5,5,4,3,5,2,4,4,3
42,0,22-25,Female,Emo,Knives and Pens,3,1,2,1,2,1,1,1,1,2,1,2,1,1,2,1,2,3,2,1,4,1,3,1,2,1,1,1,3,2,1,3,1,4,1,3,3,1,3,1,4,3,4,5,5,4,5,5,4,5,4,4,5,5,4,5,3,5
43,0,18-21,Male,Goth,In the flat field - Bauhaus,4,1,2,1,3,1,1,1,3,3,1,4,1,4,1,2,3,1,2,1,3,1,4,1,2,1,1,1,4,3,1,5,1,4,1,2,3,1,3,1,5,3,4,5,5,4,3,4,2,4,5,4,3,2,4,4,5,5
44,0,22-25,Male,Metal,Angel of Death by Slayer,3,2,1,2,3,1,1,1,3,1,2,3,1,2,1,1,3,2,2,1,3,1,4,1,4,1,1,1,4,2,1,4,1,3,1,4,4,1,3,1,4,4,4,5,4,4,3,4,3,4,4,3,3,1,4,4,2,2
45,0,31,Female,Goth,Black Planet � Sisters of Mercy,4,2,1,1,1,1,1,1,2,1,1,3,1,2,2,2,2,1,1,1,2,2,1,2,1,2,2,1,1,1,1,2,1,2,2,2,2,1,1,1,4,4,4,4,5,4,3,3,3,3,4,3,3,3,3,5,5,4
47,0,18-21,Male,Emo, Welcome to the Black Parade - MCR ,2,3,1,3,1,3,3,2,1,1,3,2,2,2,3,1,2,3,1,2,2,2,1,3,1,2,2,1,1,1,3,2,2,1,3,1,1,2,1,2,5,3,2,4,4,4,4,5,2,4,4,2,4,4,2,4,3,5
50,0,18-21,Female,Goth,Black Planet- Sisters of Mercy,4,1,3,1,4,1,1,1,5,4,1,4,1,5,2,5,5,1,4,1,5,2,5,1,5,1,1,1,5,5,1,5,1,5,1,5,5,1,5,1,5,4,4,5,5,5,4,4,4,5,5,5,5,5,5,4,5,4
51,0,22-25,Female,Metal,fuck everything,4,2,4,2,4,1,2,1,4,4,1,4,1,3,3,3,4,1,4,1,3,1,4,1,4,1,1,3,3,4,1,4,1,4,1,4,4,1,4,1,3,3,4,4,5,5,5,2,4,4,4,4,4,2,4,4,5,2
53,0,18-21,Female,Metal,Psychosocial-Slipknot,4,3,3,1,4,1,1,1,2,1,1,2,1,4,1,3,3,1,2,1,4,1,4,1,4,1,1,1,4,3,1,2,1,4,1,4,3,1,2,1,5,3,5,5,5,5,5,5,5,5,5,3,5,4,5,2,4,5
54,0,26-30,Male,Emo,Understanding a car crash - Thursday,3,1,1,1,3,1,1,1,1,1,2,3,1,2,1,1,3,1,3,1,4,1,3,1,2,1,1,1,3,2,1,3,1,4,1,2,3,1,3,1,4,5,5,5,4,5,4,5,5,5,5,3,3,5,4,5,5,5
55,0,22-25,Male,Emo,Brand New - Quiet Things that noone ever knows,4,3,4,1,4,1,1,1,4,5,3,4,1,4,1,4,4,2,4,1,4,1,5,1,4,1,1,1,4,5,1,4,1,4,1,4,4,1,4,1,4,4,5,5,4,4,4,4,3,4,4,3,3,4,4,3,3,4
57,0,18-21,Male,Metal,Physcosicial by Slipknot,3,2,3,2,2,1,1,2,3,3,2,4,1,1,2,1,3,4,3,1,3,1,3,2,4,1,1,1,3,3,2,3,1,3,1,4,3,4,2,1,4,4,4,2,5,3,3,4,3,4,4,4,4,4,4,4,4,2
58,0,22-25,Female,Metal,Enter Sandman - Metallica,4,1,1,1,1,1,1,1,2,1,1,2,1,3,2,3,3,1,2,1,3,1,3,1,2,1,1,1,3,1,1,4,1,2,1,4,4,1,2,1,4,4,4,4,4,4,3,4,4,4,4,4,4,4,4,4,4,5
59,0,22-25,Male,Emo,Drink Deep - Rites of Spring,4,1,2,1,3,1,1,1,4,2,1,2,1,2,2,3,2,2,1,1,3,1,3,1,4,1,1,1,4,3,1,3,1,1,1,1,2,3,2,1,4,4,4,5,3,3,2,4,4,3,4,3,4,2,2,4,5,3
62,0,18-21,Male,Emo,The Quiet Things That no one Ever Knows - Brand New,3,5,3,5,1,1,1,2,3,3,2,5,4,2,4,5,3,3,1,2,4,3,3,2,1,1,1,2,3,3,2,4,2,3,4,5,3,2,2,1,5,4,5,5,2,3,4,3,4,3,5,4,1,2,1,4,4,4
63,0,31,Male,Goth,The Hanging Garden,3,2,3,1,4,1,1,1,3,3,2,4,1,3,1,3,4,1,2,2,3,1,3,1,4,1,1,2,4,3,1,4,1,4,2,4,4,1,2,1,4,4,4,3,4,3,4,2,4,4,4,4,4,4,3,3,4,3
65,0,22-25,Male,Goth,Siouxsie and the Banshees - Monitor,3,1,1,1,2,1,1,1,2,3,2,4,1,1,2,1,4,1,2,1,3,1,1,1,1,1,1,1,3,2,2,3,1,1,1,1,3,2,1,1,2,3,4,4,3,3,3,4,2,4,4,3,3,3,3,4,3,4
76,0,22-25,Female,Emo,Wish by Basement ,2,1,1,1,1,1,1,1,2,1,2,3,1,3,1,2,4,1,3,1,3,1,2,1,1,1,1,1,3,1,1,3,1,3,1,2,4,1,3,1,4,4,4,5,5,5,4,5,5,4,5,4,5,3,5,5,3,4
77,0,26-30,Female,Goth,Sweet Dreams - Marilyn Manson,5,1,3,1,3,1,1,1,3,3,2,4,1,3,4,4,3,4,2,3,5,1,5,1,3,1,1,1,4,3,1,3,1,5,2,4,3,2,2,1,3,4,2,3,3,3,3,3,3,3,4,3,3,4,3,4,3,3
79,0,18-21,Male,Metal,Angel of Death - Slayer,2,1,1,1,2,1,1,1,1,2,1,1,1,2,1,1,1,1,2,1,2,3,3,1,3,1,1,1,3,3,1,1,1,4,1,4,2,1,3,1,3,4,4,4,5,5,3,4,2,2,4,3,3,3,4,2,2,5
82,0,26-30,Male,Emo,The quiet things that no one ever knows - Brand new,3,1,2,1,2,1,1,1,2,2,2,2,1,2,2,2,3,2,2,1,3,1,3,1,3,1,1,1,3,2,1,4,1,3,1,3,3,1,3,1,4,4,4,4,2,2,3,4,4,4,4,4,4,4,3,4,4,4
83,0,26-30,Male,Emo,A Sunday - Jimmy Eat World,4,1,2,1,2,1,1,1,3,2,1,4,1,2,1,3,4,2,2,1,4,1,2,1,3,1,1,1,3,3,1,3,1,4,1,4,3,2,2,1,3,4,4,4,4,4,4,3,5,5,4,4,4,3,4,4,4,4
84,0,18-21,Male,Goth,The Hanging Garden ,2,2,1,2,1,2,1,2,2,1,3,1,1,1,2,1,1,1,1,1,3,2,3,1,3,1,1,1,4,3,1,1,1,4,2,3,2,1,3,1,2,4,4,4,4,5,5,4,3,5,5,4,3,2,4,4,4,4
85,0,26-30,Female,Goth,Black Planet - Sisters of Mercy,2,1,3,1,3,3,2,2,4,2,2,1,1,3,2,4,3,2,2,1,2,1,4,1,3,1,1,1,4,3,2,3,2,4,2,3,2,2,3,1,3,4,4,5,5,4,4,3,3,4,5,2,4,2,4,4,4,3
86,0,22-25,NB,Emo, The quiet things that no one ever knows - Brand new,3,3,2,2,2,2,2,1,1,1,2,1,1,1,4,1,1,1,1,2,3,1,3,1,3,1,1,1,2,1,1,2,1,3,1,3,2,1,1,1,3,3,2,3,4,4,3,5,3,3,4,4,4,4,4,5,4,4
89,0,31,Male,Metal,Slipknot - Psychosocial,4,2,4,1,2,1,1,1,2,1,3,1,1,2,1,2,3,4,3,1,3,2,4,1,4,1,1,2,3,3,1,2,1,3,1,3,4,4,4,1,4,3,4,4,5,2,2,4,2,5,5,2,4,4,5,4,2,2
97,0,31,Female,Goth,Black Planet - Sisters of Mercy,3,1,2,1,2,1,1,1,2,3,2,3,1,2,1,2,3,3,2,1,4,3,3,2,3,1,2,2,4,3,3,3,2,4,2,3,3,3,3,2,4,4,5,5,4,4,4,5,4,3,4,3,4,4,4,5,5,4
100,0,18-21,Male,Emo,A Sunday - Jimmy Eat World,2,1,1,3,1,1,1,1,2,2,4,1,3,3,2,1,2,2,1,1,4,1,3,2,1,1,1,1,1,1,1,1,1,5,1,4,2,2,2,1,2,4,4,5,5,5,4,5,4,4,4,4,4,3,3,5,5,3
101,0,31,Female,Goth,The hanging garden,3,2,1,2,1,3,4,1,1,1,3,2,4,1,4,4,3,1,1,4,3,2,2,1,1,3,3,1,2,1,2,2,2,2,2,4,3,1,2,2,3,3,2,4,4,4,4,4,4,5,4,4,4,4,4,4,3,4
102,0,31,Male,Metal,Of Mice and Men,2,1,2,1,1,3,2,2,4,1,1,1,1,1,2,1,1,1,1,1,2,1,3,1,2,1,1,2,2,1,1,1,1,2,1,2,1,1,3,1,1,1,4,4,3,2,4,4,3,2,5,3,2,2,3,4,4,4
104,0,18-21,Female,Metal,my damnation,2,2,3,1,1,1,2,1,2,3,2,1,1,1,2,1,1,1,1,1,3,1,1,1,2,1,1,1,3,2,1,2,1,3,1,4,1,1,2,1,,,,,,,,,,,,,,,,,,
106,0,22-25,Male,Emo,,2,2,3,1,2,3,2,1,2,1,2,4,2,2,1,1,4,2,5,3,2,2,3,1,2,3,2,1,2,1,2,4,2,2,1,1,4,2,5,3,3,3,3,3,5,5,4,2,4,4,3,4,4,3,3,4,4,3
108,0,18-21,Male,Emo,The quiet things that no one ever knows - Brand new,5,4,4,4,2,2,2,1,4,4,4,5,2,5,4,5,2,2,4,2,4,2,4,1,4,3,2,1,4,4,2,5,4,4,1,4,1,4,2,4,5,5,5,5,4,4,4,5,5,5,5,4,5,4,2,4,4,4
110,0,22-25,Female,Goth,Louise � Clan of Xymox,2,2,1,1,3,1,2,1,2,2,2,3,1,2,2,2,4,4,3,2,2,1,1,1,4,1,2,1,4,3,1,3,1,3,1,4,4,3,4,2,3,4,2,2,4,4,3,3,3,4,4,2,5,3,5,5,5,3
111,0,18-21,Male,Emo,Understanding in a car crash - Thursday ,4,1,2,1,2,4,3,1,2,2,1,4,4,2,1,2,2,3,2,3,4,1,2,2,3,3,1,1,2,2,1,4,2,3,2,3,3,3,2,1,4,2,3,4,4,2,2,4,2,4,4,3,4,3,3,4,3,4
112,0,18-21,Male,Emo,Wish- basement,3,1,2,1,2,1,1,1,1,1,1,1,1,1,1,1,1,1,1,1,3,1,2,1,1,1,1,1,1,1,1,1,1,1,1,1,1,1,1,1,4,5,4,3,3,3,3,4,2,3,4,3,3,3,3,3,3,4
116,0,31,Female,Goth,Summer Breeze- Type O Negat,4,1,4,1,4,1,1,1,4,4,1,3,1,5,1,4,4,1,4,1,4,1,5,1,4,1,1,1,5,4,1,4,1,5,1,4,4,1,4,1,4,5,5,5,5,5,5,5,5,5,5,5,5,4,5,5,5,4
121,0,18-21,NB,Goth,Sweet Dreams,2,3,1,4,1,3,4,4,1,1,5,1,1,1,3,1,1,2,1,3,1,2,3,3,1,2,1,2,1,1,3,1,1,1,3,1,1,1,1,1,3,2,1,1,4,4,4,3,1,4,4,4,4,5,1,4,4,4
128,0,18-21,Female,Goth,In the flat field - Bauhaus,3,1,1,1,2,1,1,1,3,2,1,3,1,2,1,1,3,3,2,1,3,1,3,1,3,1,1,1,3,2,1,3,1,4,1,2,3,2,2,1,4,5,4,5,4,4,3,4,4,4,5,4,4,4,4,4,4,5
129,0,31,Male,Goth,Black Planet - Sisters of Mercy,3,1,2,1,2,1,1,1,2,3,2,3,2,2,1,2,4,2,2,1,4,1,3,1,2,2,1,1,3,3,1,4,1,4,1,3,4,1,3,1,4,5,4,5,4,4,4,4,4,4,4,4,4,4,5,5,4,4
130,0,18-21,NB,Goth,The Hanging Garden - The Cure,4,3,2,4,2,3,4,1,2,2,1,2,3,2,4,2,1,1,1,3,4,2,3,3,2,2,3,1,2,2,1,1,2,2,3,1,1,1,1,2,2,2,3,2,3,3,2,2,2,4,4,2,4,2,3,4,3,2
131,0,18-21,Male,Emo,tragic girl- weezer,4,2,2,1,1,1,3,1,2,2,3,1,1,5,5,2,1,4,2,3,5,2,2,3,1,2,1,1,1,1,1,1,3,5,5,2,1,4,1,3,5,5,5,5,4,5,5,5,5,5,5,5,5,5,4,5,5,3
158,0,18-21,Male,Goth,The Hanging Garden,2,4,2,3,1,5,4,2,2,2,3,3,4,3,4,2,2,3,2,3,3,4,3,3,1,4,3,2,2,2,3,3,5,3,4,2,2,2,2,3,2,4,2,2,4,4,4,4,3,5,4,4,4,4,4,4,4,4
164,0,31,Male,Goth,The Hanging Garden,3,1,1,1,2,1,1,1,1,2,1,4,1,2,1,2,3,1,2,1,3,1,2,1,2,1,1,1,2,2,1,4,1,2,1,2,4,1,3,1,4,3,4,4,3,3,2,4,2,3,4,2,3,4,4,2,3,4
165,0,31,Male,Emo,Wish - Basement ,4,4,4,2,2,1,1,1,2,1,1,1,1,3,3,2,1,1,2,1,4,4,4,1,2,1,1,1,1,1,1,1,1,2,1,1,1,1,1,1,,,,,,,,,,,,,,,,,,
169,0,18-21,Female,Goth,Th hanging garden ,4,1,2,1,3,1,1,1,4,3,1,4,1,4,1,4,4,1,3,1,4,1,4,1,3,1,1,1,5,4,1,1,1,4,1,3,5,1,4,1,5,5,5,5,5,5,5,5,5,5,5,5,5,5,5,4,4,5
172,0,22-25,Male,Metal,"""Angel of Death"" by Slayer",3,1,2,1,3,1,1,1,1,1,3,2,1,1,3,2,2,4,2,1,2,1,3,1,3,1,1,1,4,1,2,3,1,3,1,3,3,3,3,1,4,3,4,3,2,5,4,5,2,5,4,3,5,5,4,4,3,4
173,0,31,Male,Emo,Thursday- Understanding in a Car Crash,4,2,2,1,4,1,2,1,4,4,1,5,1,3,1,4,4,2,4,3,4,1,3,1,4,1,2,1,4,4,1,4,1,5,1,5,4,2,4,1,3,4,4,4,4,5,4,4,5,4,4,4,5,2,5,4,4,4
175,0,31,Female,Metal,CuntCrusher � Infant Annihilator ,4,3,4,2,1,4,2,1,2,2,5,3,4,4,1,2,1,4,3,2,4,2,4,2,4,4,1,1,4,2,2,1,4,4,2,3,2,2,3,2,4,3,4,4,3,3,4,4,3,2,4,2,2,4,4,3,4,3
181,0,31,Male,Goth,Hanging Garden,3,1,2,1,5,1,2,1,4,5,2,4,1,4,4,4,5,2,3,2,4,1,4,1,5,1,1,2,4,4,1,4,1,5,2,4,5,2,2,1,4,4,5,4,5,4,1,4,2,4,4,3,4,4,5,3,2,4
183,0,26-30,Female,Goth,Louise - Clan Of Xymox,4,1,3,1,3,1,1,1,3,3,2,3,1,2,1,4,3,1,2,1,4,1,4,1,3,1,1,1,3,3,1,3,1,4,1,4,2,1,1,1,3,3,4,4,5,5,4,3,3,5,3,4,4,5,5,4,5,3
184,0,18-21,NB,Emo,The Quiet Things No One Ever Jnows,4,2,1,1,1,1,2,1,2,1,2,3,1,2,1,2,3,2,1,1,3,1,2,1,3,2,1,2,3,3,1,3,2,3,1,3,3,2,2,1,4,2,5,2,5,5,2,4,2,5,5,4,4,4,5,4,5,5
189,0,18-21,Female,Goth,Kiss Kiss Bang Bang- Specimen,3,1,2,1,2,1,1,1,3,2,1,3,1,3,2,2,3,1,2,2,5,1,4,1,4,1,1,1,4,3,1,3,1,4,1,3,3,1,3,1,4,4,4,4,5,5,4,5,4,4,5,4,5,4,5,5,5,5
200,0,22-25,Female,Goth,Black Planet - Sisters of Mercy,2,3,1,2,1,2,1,1,2,3,3,2,2,2,3,2,3,2,1,1,2,1,2,1,2,1,1,1,2,2,1,2,1,2,1,2,2,2,2,1,4,4,4,4,5,5,4,4,4,3,4,3,3,4,4,3,5,4
201,0,22-25,Female,Goth,Black Planet by Sisters of mercy,4,1,3,1,3,1,1,2,3,3,1,3,1,3,1,2,3,1,1,1,4,1,4,1,3,1,1,1,5,3,1,4,1,4,1,3,4,1,3,1,4,4,5,4,5,5,4,4,4,4,5,3,4,5,5,4,5,5
202,0,18-21,Female,Emo,The quiet things that no one ever knows - Beand New,5,3,1,3,2,1,1,3,2,1,5,3,1,2,1,1,2,3,1,1,3,1,4,2,4,1,1,1,2,5,2,3,1,5,1,5,3,2,2,1,4,4,2,5,5,5,5,3,3,5,4,4,4,3,5,4,5,3
207,0,18-21,Male,Metal,Psychosocial - Slipknot,4,1,3,1,4,1,1,3,3,3,2,3,1,1,1,5,5,2,3,1,3,1,3,1,5,2,1,2,3,3,1,3,1,2,1,5,3,1,2,1,4,3,2,4,5,4,2,4,4,5,2,5,4,4,5,4,4,2
208,0,26-30,Female,Emo,The quiet things that no one ever knows - Brand new ,2,2,2,2,1,1,2,3,1,1,2,2,3,2,2,3,2,3,1,2,3,1,3,1,2,1,2,1,3,2,1,3,2,3,2,3,3,2,2,1,4,4,4,4,3,3,3,4,3,4,4,3,3,2,3,4,4,3
210,0,31,Female,Goth,In the Flat Field - Bauhaus,4,1,1,1,1,1,1,1,1,1,1,3,1,2,2,1,3,3,2,1,4,1,2,1,2,1,1,1,2,1,1,3,1,3,1,2,3,2,3,1,5,4,5,5,5,5,5,5,5,5,5,5,5,5,5,5,4,5
221,0,18-21,Male,Metal,Possession - Whitechapel,5,2,4,2,2,1,1,1,5,4,1,3,1,2,1,4,3,3,4,1,4,1,4,1,5,1,1,1,5,4,1,4,1,4,1,4,3,1,4,1,5,5,5,5,5,5,5,5,5,5,5,5,5,5,5,5,5,5
223,0,22-25,Male,Emo,The quiet things that no one ever knows - Brand new,3,4,2,1,2,2,1,1,2,3,1,1,1,3,1,2,3,1,1,1,4,2,3,2,3,1,1,1,3,3,2,4,1,4,1,4,4,1,2,1,4,4,4,4,4,5,5,4,4,4,4,5,5,2,4,4,4,4
225,0,26-30,Male,Metal,Angel of Death,2,1,1,1,1,1,1,2,1,1,2,2,2,1,1,2,1,2,1,1,2,1,1,1,1,1,1,2,1,1,2,1,2,1,1,2,1,2,1,1,2,4,2,2,4,4,2,2,2,2,2,4,4,2,3,4,4,2
228,0,18-21,NB,Goth,Mask -Bauhaus,2,1,1,1,1,2,1,1,1,1,1,1,1,1,1,1,1,1,1,1,3,1,3,1,1,1,1,1,3,1,1,1,1,2,1,1,1,2,1,1,4,4,3,5,3,3,3,4,4,5,4,4,4,3,3,5,4,3
229,0,26-30,Female,Goth,,2,1,1,1,4,2,1,1,1,1,1,2,2,1,2,1,3,2,1,1,2,1,1,1,4,2,1,1,1,1,1,2,2,1,2,1,3,2,1,1,4,3,2,4,4,3,4,3,3,3,4,3,4,3,3,5,5,3
230,0,22-25,Male,Emo,A Sunday - Jimmy Eat World,3,4,1,4,1,4,1,2,1,2,3,1,4,4,1,4,1,1,3,1,3,3,2,3,1,1,1,1,1,1,1,1,1,4,1,1,1,1,3,3,5,2,4,5,3,3,3,4,2,5,4,4,5,3,3,5,5,3
231,0,22-25,Female,Emo,The quiet things that no one ever knows - Brand new,3,4,2,5,1,4,4,1,2,2,3,2,2,1,3,1,1,4,2,4,3,2,2,3,2,3,1,2,2,1,3,1,2,2,2,1,2,2,1,1,,,,,,,,,,,,,,,,,,
234,0,18-21,Male,Goth,The hanging garden - the cure,3,4,1,5,1,4,5,1,1,1,3,1,5,1,5,1,3,4,1,4,2,4,1,5,1,4,5,1,2,1,3,2,4,2,4,1,2,4,2,4,3,2,1,3,4,4,3,3,2,4,4,3,4,3,3,5,3,3
237,0,22-25,Male,Emo,Welcome to the Black Parade - MCR,4,3,3,4,1,3,4,1,2,3,1,1,3,4,4,4,3,4,4,4,4,3,3,4,1,3,3,1,3,3,1,1,1,5,3,4,3,4,4,4,2,5,4,4,5,5,5,2,4,5,2,4,5,1,4,5,5,2
242,0,31,Female,Goth,Kiss kiss bang bang,3,1,1,1,2,1,1,1,1,1,1,3,1,2,1,1,3,1,1,1,4,1,3,1,2,1,1,1,3,1,1,2,1,3,1,1,2,1,2,1,3,4,3,4,3,2,4,2,3,4,4,3,2,1,4,4,2,2
243,0,31,Male,Emo,Brand New - The Quiet Things That No One Ever Knows,4,1,1,1,1,1,1,1,1,1,2,4,1,2,2,5,2,2,3,1,4,2,3,1,2,1,1,1,4,1,2,4,1,4,2,5,3,3,2,1,2,3,4,3,4,4,2,4,2,4,4,4,3,4,3,5,4,4
244,0,31,Female,Goth,Summer Breeze - Type O Negative,3,4,2,4,5,1,2,1,2,1,3,2,1,2,3,2,3,2,1,2,3,1,3,1,5,1,1,1,3,4,1,2,1,4,1,2,3,1,1,1,4,4,4,5,5,5,4,5,4,5,5,4,5,5,5,5,5,4
245,0,18-21,Male,Goth,Summer breeze- type o negative ,2,1,2,1,1,1,1,1,1,1,1,2,1,1,1,1,1,1,1,1,2,1,2,1,1,1,1,1,1,1,1,1,1,1,1,1,1,1,1,1,4,4,3,4,3,4,4,3,4,5,4,4,4,4,4,4,4,4
247,0,18-21,Male,Emo,,2,3,1,4,3,1,2,1,2,2,4,3,1,3,1,5,3,2,2,2,4,2,3,3,2,1,1,1,4,2,3,1,1,4,1,4,3,1,2,1,4,4,3,5,5,3,4,4,3,4,2,4,4,5,3,4,4,2
249,0,18-21,Female,Emo,Wish-Basement ,2,3,1,2,1,2,1,3,1,1,4,4,1,1,3,2,3,4,2,2,3,1,1,1,1,1,1,2,1,1,2,2,1,2,2,1,2,3,1,1,5,5,4,4,4,4,4,5,5,5,4,4,5,4,4,4,3,4
250,0,22-25,Male,Emo,Welcome to the Black Parade - MCR,3,2,1,1,1,1,1,1,2,3,2,3,2,3,2,1,4,4,1,1,4,1,4,2,3,1,1,1,4,4,1,4,1,5,1,4,3,2,3,1,5,5,5,5,5,5,5,5,5,5,5,5,5,5,5,5,5,5
252,0,18-21,Male,Goth,This is Heresy- Christian Death,3,3,2,2,1,1,1,3,2,3,4,2,1,1,4,3,2,2,1,1,3,2,2,2,2,1,1,2,2,2,4,2,1,1,2,1,1,2,1,1,4,4,4,5,4,2,4,3,2,2,4,3,4,4,4,4,5,4
254,0,31,Male,Emo,Understanding in a Car Crash by Thursday,2,3,1,2,1,1,2,1,1,1,2,2,1,1,4,1,3,4,1,2,2,1,3,2,1,1,2,1,2,1,2,2,1,2,3,1,3,3,1,2,2,2,3,2,2,2,4,2,4,5,2,4,4,2,3,4,3,2
255,0,18-21,Female,Emo,the quiet things that no one ever knows ,3,2,1,1,1,1,1,1,2,2,1,3,1,1,1,2,2,1,1,1,2,1,3,1,2,1,1,1,2,2,1,2,1,2,1,2,2,1,1,1,4,3,2,5,5,4,4,4,3,4,4,3,3,5,3,3,4,4
257,0,31,Male,Goth,Black Planet,3,1,2,1,2,1,1,1,3,1,1,3,1,3,1,2,3,1,2,1,3,1,3,1,3,1,1,1,3,2,1,2,1,2,1,2,2,1,2,1,4,3,4,4,3,3,3,4,3,4,4,3,3,4,3,3,4,4
259,0,18-21,Female,Emo,Drink Deep by Rites of Spring,3,2,3,1,1,1,1,2,2,1,1,3,1,2,2,2,3,1,4,1,3,1,4,1,3,1,1,2,3,1,2,4,1,3,2,1,3,2,4,1,5,2,4,4,4,4,4,5,3,4,4,3,4,4,3,5,3,4
260,0,18-21,Male,Goth,The Hanging Garden ,3,2,4,1,3,1,2,2,2,2,3,2,1,4,4,3,2,2,1,2,4,1,4,1,4,1,1,2,5,2,1,4,1,4,2,4,3,2,2,1,4,4,2,5,3,4,5,4,2,4,4,3,5,3,4,5,5,4
261,0,22-25,Male,Emo,Wish - Basement,3,1,2,1,3,1,1,1,2,2,2,2,1,2,2,2,2,2,2,1,4,1,4,1,3,1,1,1,4,1,1,4,1,5,1,1,4,1,1,1,5,5,5,5,5,5,5,5,5,5,5,5,5,5,5,5,5,5
262,0,18-21,Male,Emo,A Sunday,4,2,2,3,2,2,2,2,2,2,3,3,2,3,2,3,4,4,3,2,4,2,2,3,3,3,2,3,3,3,2,3,3,4,3,3,4,4,4,2,4,4,5,5,4,5,5,5,5,5,5,5,5,5,5,5,4,4
263,0,22-25,Male,Metal,Angel of Death - Slayer,4,1,4,1,2,1,2,1,4,3,2,3,1,2,2,3,3,2,1,1,4,1,4,1,3,1,1,1,5,3,1,4,1,5,1,4,4,1,4,1,4,4,5,5,4,4,4,5,3,3,4,3,2,4,4,3,3,4
264,0,18-21,Female,Goth,kiss kiss bang bang,5,1,5,1,4,1,1,1,5,5,1,3,1,5,2,4,3,4,3,1,5,1,5,1,5,1,1,1,5,5,1,4,1,5,1,5,4,3,4,1,5,5,5,5,5,5,4,5,5,5,5,5,5,5,5,5,5,4
265,0,18-21,Male,Metal,Fuck Everything - Suicide Silence,4,2,2,1,3,1,1,2,3,3,1,3,1,3,2,3,4,4,4,1,3,2,4,2,4,1,1,2,3,3,1,3,1,4,1,4,4,4,4,1,4,4,4,4,3,3,3,4,2,4,4,2,4,3,3,5,4,4
266,0,31,Female,Goth,Summer Breeze - Type O Negative,3,1,3,1,2,1,1,1,3,1,1,2,1,1,1,1,2,1,1,1,3,1,3,1,1,1,1,1,3,1,1,2,1,3,1,1,2,1,1,1,5,4,4,5,5,5,5,4,4,4,4,4,4,4,5,4,5,4
267,0,18-21,Male,Emo,Tragic Girl - Weezer,4,1,4,3,1,3,2,3,4,2,4,2,3,5,3,5,2,2,1,2,3,4,5,4,1,5,3,1,3,4,4,1,4,5,3,3,1,1,1,3,5,5,5,5,5,5,5,5,5,5,5,5,5,5,5,5,5,3
268,0,26-30,Female,Metal,Psychosocial,4,1,3,1,3,1,1,1,3,1,1,1,1,2,2,3,3,2,3,1,4,1,5,1,5,1,1,2,4,4,1,3,1,3,1,4,3,3,4,1,4,4,4,4,4,4,4,4,4,4,4,4,4,3,5,3,5,3
275,0,22-25,Male,Metal,Falling away from me-Korn,2,3,1,2,1,1,1,1,1,1,3,1,1,1,1,1,1,1,1,1,2,1,2,1,1,1,1,1,1,1,1,2,1,3,1,1,2,1,2,1,3,4,4,4,2,2,4,4,4,3,5,3,4,3,2,2,2,3
285,0,22-25,Male,Metal,Psychosocial by Slipknot,4,1,3,1,2,1,2,1,3,1,2,2,1,2,2,1,4,1,2,1,4,1,3,1,3,1,1,1,2,1,1,2,1,2,1,1,3,1,2,1,4,3,5,5,4,4,2,4,2,5,4,2,3,3,4,4,4,3
286,0,18-21,Male,Goth,Monitor - Siouxsie and the Banshees,3,4,2,2,2,1,2,2,4,3,4,4,1,2,3,3,4,4,2,2,3,3,3,2,2,1,2,1,3,2,3,3,1,3,3,3,3,4,3,1,2,4,3,3,4,4,4,3,2,2,4,2,4,3,5,4,4,4
287,0,22-25,Female,Goth,In the Flat Field - Bauhaus,4,1,3,1,2,1,1,1,3,1,1,3,1,2,2,2,3,1,2,1,4,1,3,1,2,1,1,1,3,2,1,4,1,3,1,2,4,1,2,1,4,3,5,5,5,5,5,4,3,4,4,3,3,4,4,4,5,4
289,0,31,Male,Metal,Slayer,3,2,3,1,3,1,1,2,3,3,2,5,1,4,1,5,5,3,3,1,3,1,3,1,4,1,1,1,3,3,1,5,1,4,1,4,5,2,3,1,5,5,5,5,3,3,3,4,4,5,4,4,5,4,3,5,1,1
291,0,31,NB,Goth,Monitor � Siouxsie and The Banshees ,3,1,2,1,2,1,1,1,2,2,2,2,1,3,2,2,3,2,2,2,3,2,3,2,2,1,1,1,3,2,2,2,1,3,2,2,3,2,2,2,3,4,3,4,3,2,2,2,2,3,3,2,3,3,4,4,4,3
293,0,18-21,Male,Emo,Understanding In A Car Crash-Thursday,2,1,3,2,3,2,3,1,1,2,1,4,1,2,2,3,4,2,2,1,2,2,1,2,2,1,2,2,1,2,1,2,2,1,2,2,2,1,1,1,4,4,3,4,3,3,3,2,4,5,3,4,5,2,4,5,5,3
294,0,18-21,Female,Emo,Knows - Brand New,2,4,1,4,2,3,3,1,1,1,1,3,4,1,4,1,1,4,1,4,2,2,3,3,2,3,2,1,3,3,1,3,1,3,2,3,2,2,3,1,4,4,4,4,4,3,4,4,3,4,4,4,3,2,3,2,3,4
295,0,22-25,NB,Metal,psychosocial - slipknot,2,4,1,4,1,2,3,1,1,1,5,2,2,1,3,1,3,1,2,3,3,3,2,3,2,1,1,1,2,1,3,2,1,2,2,2,3,2,3,2,4,3,4,2,4,5,4,4,4,5,4,3,2,2,4,3,4,4
303,0,26-30,NB,Goth,The Hanging Garden - The Cure,5,3,4,1,1,2,1,1,4,2,2,2,2,4,1,4,3,2,3,1,4,1,5,1,2,1,1,2,4,1,1,3,1,3,1,2,1,1,3,1,2,3,4,4,5,4,4,4,4,4,2,3,4,2,5,4,5,4
304,0,18-21,Male,Metal,Korn,3,1,1,1,1,2,1,1,1,1,1,1,1,2,1,1,2,1,1,1,4,4,5,2,4,5,1,1,4,5,2,1,1,5,1,3,4,1,3,1,1,5,3,4,4,3,4,3,5,5,3,5,5,3,4,5,5,3
305,0,18-21,Male,Emo,Thursday,3,3,1,1,3,2,2,1,1,2,3,3,1,3,3,2,2,2,1,2,2,1,1,1,3,1,1,1,2,2,1,1,1,4,1,2,2,1,2,1,4,4,4,4,4,4,4,2,4,4,2,4,4,2,4,4,5,2
308,0,31,Male,Metal,Angel Of Death - Slayer,3,1,2,1,2,2,2,1,1,3,1,3,1,3,2,1,2,3,1,2,3,1,4,1,3,2,1,1,4,3,1,3,1,4,2,2,2,2,2,1,2,1,4,2,4,4,2,2,3,4,4,2,2,2,4,4,1,4
314,0,18-21,Male,Metal,Angel of Death - Slayer,4,2,4,1,1,2,4,4,4,2,1,4,2,5,3,4,3,3,2,3,5,1,1,1,4,1,1,2,4,4,1,5,1,4,1,4,4,1,4,1,5,5,5,5,5,5,5,5,5,5,5,5,5,5,5,5,5,5
315,0,31,Male,Emo,Understanding in a Car Crash - Thursday,3,3,3,1,3,1,1,1,3,3,2,4,1,3,1,3,4,1,3,1,4,1,3,1,3,1,1,1,3,3,1,4,1,3,1,3,4,1,3,1,3,5,2,3,4,4,4,4,4,4,4,4,4,3,4,4,4,4
316,0,31,Male,Goth,In the flat firld,3,1,1,1,1,1,1,1,3,1,1,3,1,1,1,2,2,1,1,1,3,1,3,1,3,1,1,1,4,1,1,3,1,3,1,1,2,1,2,1,4,4,4,4,4,4,4,4,4,4,4,4,4,4,4,4,4,4
317,0,31,Female,Metal,Psychosocial - Slipknot,4,3,1,2,1,2,1,2,1,1,3,1,1,1,1,1,1,2,1,1,2,1,1,1,1,2,1,2,1,1,2,1,1,1,1,1,1,1,1,1,4,3,5,5,4,4,3,3,2,4,4,3,3,4,4,4,3,4
318,0,22-25,Male,Emo,Wish - Basement,4,2,1,1,2,1,2,1,2,2,1,2,1,1,2,3,4,1,3,2,4,1,4,1,4,1,1,2,4,4,1,3,1,4,1,4,4,1,3,1,4,4,5,4,5,5,5,5,5,5,4,5,5,3,5,5,5,3
319,0,18-21,Female,Goth,Hanging garden - the cure,3,1,1,1,1,1,1,1,1,2,1,3,1,1,1,1,3,1,2,1,2,1,1,1,1,1,1,1,1,2,1,3,1,2,1,1,2,1,3,1,4,4,4,5,5,5,4,5,3,4,4,3,3,4,4,4,4,4
320,0,31,Female,Goth,Summer breeze - type o negative,5,2,1,2,1,1,1,3,1,1,3,1,1,1,1,1,1,1,1,1,4,1,1,1,1,1,1,1,1,1,1,2,1,1,1,1,1,1,1,1,4,4,4,4,4,4,3,4,4,4,4,4,4,4,4,4,3,4
321,0,31,Male,Metal,Slayer ,4,1,3,1,3,1,1,1,3,4,1,5,1,3,1,4,5,1,3,1,5,1,5,1,5,1,1,2,5,5,1,5,1,3,1,4,5,1,3,1,5,5,4,5,5,4,5,5,4,5,5,5,4,5,4,5,5,5
322,0,18-21,Male,Metal,CuntCrusher - Infant -Annihilator ,3,3,3,1,4,1,1,1,3,2,2,3,1,2,1,3,4,2,1,1,4,1,3,1,3,1,1,1,4,3,1,4,1,2,1,2,5,1,2,1,5,5,5,4,3,3,1,5,2,2,5,2,2,4,3,1,4,5
324,0,26-30,Male,Metal,Possession - Whitechapel,4,1,2,1,4,1,1,1,3,4,1,3,1,3,1,4,4,3,4,1,4,1,4,1,4,1,1,2,3,3,1,4,1,4,1,4,3,3,4,1,5,4,5,3,4,4,3,4,4,4,5,5,4,3,4,4,5,5
326,0,31,Male,Goth,The Cure,4,1,3,1,3,1,1,1,3,3,1,4,1,3,1,4,5,1,3,1,5,2,4,1,3,1,1,1,3,4,1,4,1,3,1,3,3,1,3,1,5,5,5,5,5,5,5,5,5,5,5,5,5,5,5,5,5,5
327,0,26-30,Female,Goth,,3,1,1,1,1,1,1,1,1,2,2,1,1,1,1,1,2,1,1,1,2,1,1,1,1,1,1,1,1,2,2,1,1,1,1,3,1,2,1,1,,,,,,,,,,,,,,,,,,
329,0,22-25,Female,Metal,Hail to the King - Avenged Sevenfold,2,1,1,3,2,2,1,2,2,2,2,4,2,1,1,2,3,1,2,1,2,1,3,2,3,1,1,1,3,4,1,4,1,2,1,3,2,1,4,1,3,4,4,4,4,4,3,4,4,5,2,4,4,2,3,4,4,2
330,0,26-30,Female,Goth,Black Planet - Sisters of Mercy,3,2,1,1,2,1,1,1,2,1,4,1,1,1,1,1,1,1,1,1,2,2,2,1,1,1,1,1,3,1,2,3,1,3,1,2,2,1,4,1,4,4,4,4,5,4,4,4,2,4,4,4,4,4,5,4,5,4
333,0,22-25,Male,Metal,Angel of Death - Slayer,4,1,2,1,2,1,1,1,3,1,1,3,1,3,1,3,2,1,3,1,3,1,3,1,3,1,1,1,3,2,1,3,1,2,1,3,3,1,3,1,3,3,4,3,3,3,5,2,3,3,3,3,3,3,4,4,4,3
336,0,22-25,Male,Emo,The Quiet Things That No One Ever Knows,2,4,2,3,2,1,3,2,1,1,3,2,3,4,2,2,3,5,1,2,2,3,2,2,3,1,2,2,3,1,2,3,2,3,1,3,3,4,2,2,2,4,4,3,4,4,3,4,4,2,3,4,4,4,4,4,2,2
337,0,22-25,Male,Emo,Welcome to the Black Parade - MCR,3,2,3,2,1,1,1,1,2,2,3,3,1,1,2,1,2,1,2,1,3,1,2,2,2,1,2,1,3,1,3,3,1,2,3,2,2,1,2,1,4,3,5,5,4,4,5,5,4,5,5,4,5,5,4,5,4,4
340,0,22-25,Male,Emo,The quiet things that no one ever knows - Brand new ,3,2,1,2,1,1,2,1,2,1,2,1,1,2,2,2,3,2,3,2,4,2,5,1,3,2,1,1,4,3,1,2,1,4,1,4,3,2,3,1,5,5,5,5,5,5,5,5,3,5,4,3,4,1,4,4,5,4
341,0,18-21,Female,Metal,Korn,3,1,1,1,2,2,1,1,2,1,1,3,1,1,1,2,4,1,1,1,2,1,2,1,2,1,1,1,2,1,1,3,1,2,1,3,3,1,1,1,3,3,4,5,4,3,4,5,3,5,5,3,3,4,4,3,4,5
343,0,18-21,Male,Metal,Psychosocial ,4,1,1,1,1,3,1,1,1,1,2,1,2,1,1,1,1,1,1,1,2,1,2,1,1,2,1,1,1,1,1,1,2,1,1,1,1,1,1,1,4,4,3,5,5,2,4,4,2,3,4,4,4,4,5,3,4,3
345,0,18-21,Male,Metal,Hail to the King - Avenged Sevenfold,4,1,2,1,2,1,1,1,4,3,2,4,1,2,2,3,3,1,4,2,2,1,2,1,2,1,1,1,4,2,1,2,1,2,1,1,2,1,3,1,4,4,4,4,5,4,4,5,2,4,4,2,4,4,5,4,3,3
347,0,18-21,Female,Goth,,4,2,2,1,2,2,2,2,2,3,3,3,1,3,4,3,2,4,2,3,4,2,2,1,2,2,2,2,2,3,3,3,1,3,4,3,2,4,2,3,4,4,4,5,5,5,4,4,3,5,4,5,5,4,4,5,5,4
348,0,18-21,Male,Emo,Drink Deep - Rites of Spring,2,1,1,1,1,1,2,2,2,1,1,1,1,1,1,1,1,1,1,1,3,2,2,1,1,1,1,2,3,1,1,1,1,1,1,1,2,1,1,1,3,2,1,4,4,2,3,2,4,1,4,4,1,4,2,1,1,1
349,0,22-25,Female,Emo,The quiet things that no one ever knows - Brand new,3,1,1,1,2,3,1,1,1,1,2,3,2,1,2,3,3,3,2,1,4,1,3,1,2,2,1,1,3,1,1,3,1,2,1,1,3,1,3,1,5,4,4,4,4,5,3,3,2,5,4,5,5,2,2,5,5,4
351,0,26-30,Male,Goth,Black Planet,2,1,1,1,2,1,1,1,2,2,1,2,1,1,1,1,2,1,2,1,2,1,2,1,2,1,1,1,2,2,1,2,1,2,1,2,2,1,2,1,4,3,4,4,3,3,3,4,3,4,4,3,3,4,3,3,4,4
353,0,18-21,Male,Emo,The quiet things that no one ever knows - Brand new,3,1,1,1,2,1,1,1,1,1,1,2,1,1,1,1,2,1,3,1,3,1,1,2,3,1,1,1,2,1,1,3,1,1,1,1,3,1,2,1,3,4,3,4,4,4,3,4,3,4,4,3,4,3,4,4,3,3
356,0,18-21,Male,Emo,Welcome to the Black Parade - MCR,4,1,2,1,1,1,2,1,3,3,2,4,1,1,2,1,3,3,2,1,3,1,4,1,3,1,1,1,4,4,1,3,1,5,2,4,3,2,3,1,4,4,5,4,5,5,5,3,4,3,4,3,4,5,5,4,5,3
357,0,18-21,Male,Metal,"Korn - ""Falling Away From Me""",3,1,2,2,1,1,1,1,2,1,2,1,1,1,1,1,2,3,2,1,3,2,3,3,2,1,1,2,2,1,2,1,1,2,1,2,2,2,2,1,4,3,4,4,5,4,4,4,3,5,4,3,4,4,4,5,4,2
358,0,26-30,Female,Goth,The Hanging Garden � The Cure,1,2,2,2,1,2,2,1,1,1,1,2,2,2,3,1,3,2,2,2,3,2,3,2,2,1,2,1,2,1,1,3,1,2,2,1,3,2,2,1,3,2,4,3,3,2,2,2,2,4,4,2,2,4,3,3,3,4
361,0,22-25,Female,Goth,In The Flat Field - Bauhaus,4,2,3,2,1,1,1,1,3,1,2,2,1,1,3,1,3,2,1,1,3,1,2,1,1,1,1,1,3,1,1,3,1,3,2,1,2,1,3,1,5,4,5,5,5,5,4,5,3,5,4,2,4,4,3,4,4,4
362,0,22-25,Female,Goth,The hanging garden- the cure ,2,3,1,2,3,1,1,1,1,3,3,2,1,1,4,1,2,4,1,1,2,2,1,2,3,1,1,1,2,4,2,2,1,1,2,1,2,2,1,1,5,3,4,5,5,5,4,4,4,4,4,4,4,5,5,5,5,5
364,0,31,Male,Goth,Louise - Clan of Xymox,3,1,1,1,3,2,1,1,1,1,2,3,1,1,2,2,3,2,1,1,2,1,2,1,2,1,1,1,3,2,1,3,1,3,1,2,2,2,1,1,4,3,4,4,3,3,4,4,3,4,4,2,4,4,4,5,4,4
366,0,22-25,Male,Main,Umbrella,4,2,3,1,2,1,1,1,4,3,1,3,1,4,1,4,3,1,2,1,4,1,4,1,1,1,1,1,5,3,1,3,1,3,1,4,3,1,5,1,4,2,4,5,5,5,5,5,4,4,4,3,4,1,4,5,2,3
367,0,18-21,Female,Goth,Summer breeze - Type O Negative,3,1,3,1,2,2,1,1,3,4,3,2,1,3,3,4,2,2,1,1,3,1,3,1,2,2,1,1,3,4,1,1,1,3,2,3,1,1,1,1,4,3,4,4,4,4,3,4,3,4,4,3,3,4,4,4,5,4
376,0,22-25,Male,Metal,Angel of Death - Slayer,3,1,1,1,1,1,1,1,2,2,2,2,1,1,1,1,2,1,1,1,2,1,2,1,1,1,1,1,2,2,1,3,1,1,1,1,2,1,2,1,4,4,4,4,4,3,2,4,2,3,4,3,2,4,2,3,2,4
377,0,26-30,Male,Goth,I picked In The Flat Field by Bauhaus.,3,1,1,1,2,1,1,1,2,1,1,2,1,2,1,2,3,1,2,1,2,1,2,1,2,1,1,1,2,1,1,3,1,3,1,2,3,1,3,1,3,3,4,4,4,4,2,4,4,4,4,4,4,4,3,4,3,4
378,0,18-21,Female,Metal,Falling away from me - Korn,3,1,1,1,1,1,1,1,1,1,1,1,1,1,1,1,2,1,1,1,3,1,2,1,1,1,1,1,3,2,1,2,1,2,1,1,3,1,2,1,5,5,4,4,5,5,5,5,4,5,5,5,5,4,5,5,5,5
393,0,31,Male,Goth,The Hanging Garden,5,1,3,1,3,1,1,1,4,3,1,2,1,3,1,4,4,1,3,1,5,1,4,1,3,1,1,1,4,3,1,3,1,4,1,4,3,1,3,1,5,5,5,5,5,5,5,5,5,5,5,5,5,4,5,5,5,5
397,0,18-21,Female,Metal,Psychosocial-Slipknot ,4,1,2,1,2,1,1,2,1,1,2,3,1,2,1,2,3,3,1,1,4,1,3,1,3,1,1,1,2,1,1,3,1,3,1,2,2,3,3,1,4,4,5,5,4,4,5,5,4,4,5,4,4,5,5,4,5,5
399,0,18-21,Female,Emo,The quiet things that no one ever knows - Brand New,3,3,2,4,1,5,2,1,1,2,1,2,4,3,2,2,2,3,1,3,4,2,4,2,3,3,1,1,4,4,2,3,2,4,1,4,3,3,3,1,5,2,2,3,3,3,4,4,3,5,4,4,4,3,3,4,5,4
400,0,26-30,Male,Emo,Brand New,2,3,1,2,1,2,3,2,1,1,3,1,3,2,3,2,2,4,2,3,3,2,2,2,3,2,3,2,3,3,3,3,3,3,3,3,3,3,2,2,1,3,3,3,2,2,4,1,2,5,4,2,5,3,3,5,5,2
405,0,22-25,Male,Metal,Gravedancer- of mice and men,4,2,2,3,2,4,3,3,1,2,2,4,4,1,3,2,4,2,1,3,3,1,2,1,2,2,2,1,2,3,1,3,1,3,2,2,4,1,3,1,5,5,4,5,4,3,2,5,3,5,5,4,4,5,4,5,3,5
406,0,18-21,Female,Goth,In The Flat Field - Bauhaus,3,3,1,2,1,2,1,1,1,1,1,2,1,2,1,1,2,3,1,1,3,1,2,1,2,1,1,1,2,1,1,4,1,2,1,2,3,3,1,1,4,3,4,5,4,3,4,3,2,5,5,2,5,4,4,4,5,5
412,0,26-30,Male,Metal,Angel of Death - Slayer,2,2,1,1,3,1,1,1,2,2,1,3,1,2,2,2,3,1,2,1,3,1,4,1,3,1,1,1,3,4,1,3,1,3,1,2,3,1,3,1,3,2,4,5,4,3,2,5,2,2,4,2,4,4,4,2,4,3
415,0,22-25,Male,Emo,Understanding in a car crash,3,1,2,1,2,1,1,1,2,1,1,1,1,1,2,1,2,1,1,1,3,1,4,1,3,1,1,1,4,1,1,1,1,3,1,1,2,1,2,1,3,4,4,5,3,4,3,4,4,5,3,3,4,3,4,4,4,4
416,0,18-21,Male,Main,Umbrella - Rihanna,4,1,3,2,1,1,1,2,3,2,1,3,1,1,1,4,3,1,1,1,4,1,3,1,2,1,1,1,4,1,1,2,1,2,1,4,2,1,2,1,2,4,4,2,5,4,2,2,2,5,2,2,5,2,4,4,4,2
424,0,26-30,Female,Emo,Brand new,3,1,2,1,2,1,1,1,3,3,1,2,1,2,1,2,2,1,2,1,3,1,3,5,3,1,1,1,1,3,1,3,1,3,1,4,3,1,3,1,4,4,5,5,5,5,4,4,4,4,5,4,4,4,4,4,4,4
430,0,18-21,Female,Emo,A Sunday,2,2,1,2,1,3,1,1,1,1,1,3,3,3,2,2,3,1,1,1,4,1,3,3,2,1,1,1,3,2,1,3,1,4,1,2,3,1,3,1,5,2,4,5,5,4,4,4,3,4,4,3,4,4,4,4,4,5
431,0,18-21,Male,Emo,A Sunday - Jimmy Eat World,3,1,1,1,1,1,1,1,2,2,3,2,1,2,4,3,2,3,1,1,3,1,2,1,1,1,1,1,3,3,1,2,1,4,2,3,2,2,1,1,2,5,5,5,5,5,4,4,4,4,4,5,4,4,4,4,4,2
432,0,22-25,Female,Goth,Mask- bauhaus,3,1,1,1,1,1,1,1,3,1,1,4,1,3,1,2,4,1,1,1,3,1,4,1,2,1,1,1,4,3,1,2,1,5,1,2,2,1,1,1,3,4,4,4,5,5,5,4,3,4,5,3,5,3,5,5,5,4
447,0,26-30,Male,Metal,Psycosocial - Slipknot,3,1,3,2,1,1,4,1,1,2,4,4,2,5,4,4,4,4,2,3,4,1,4,1,3,1,1,2,4,3,1,4,1,3,1,3,4,3,2,1,5,3,5,5,3,4,5,5,3,5,5,3,2,5,3,2,4,5
448,0,18-21,Female,Metal,psychosocial ,4,1,1,1,1,1,1,1,2,3,1,2,1,3,1,1,3,1,1,1,4,1,4,1,3,1,1,1,4,3,1,1,1,3,1,1,3,1,1,1,4,3,4,5,5,5,4,5,4,4,4,3,4,4,5,3,5,5
449,0,26-30,Male,Emo,Welcome to the Black Parade - MCR,3,2,1,1,2,1,1,1,2,3,2,2,1,2,2,2,3,3,2,1,3,1,2,1,3,1,1,1,3,3,1,3,1,4,1,3,3,3,2,1,4,3,4,4,4,3,3,4,3,5,4,3,4,2,4,4,4,4
451,0,22-25,NB,Emo,Welcome to the Black Parade - MCR,2,2,3,1,3,1,1,1,4,3,2,3,1,3,2,3,3,2,2,2,3,2,3,1,4,1,1,1,4,4,2,4,1,4,2,4,4,2,3,1,4,4,4,4,4,4,4,4,4,4,4,4,4,4,4,4,4,4
452,0,18-21,Male,Emo,the quiet things that no one ever knows,3,4,2,4,3,3,4,4,1,2,3,4,4,4,3,2,3,3,1,3,3,2,3,2,3,2,2,2,3,3,3,2,3,3,1,3,3,2,1,2,4,3,4,5,4,4,3,4,4,3,5,4,4,4,4,5,4,4
456,0,31,Male,Goth,The Hanging Garden - The Cure,3,1,1,1,3,1,1,1,2,1,1,2,1,1,1,2,2,1,1,1,3,1,2,1,3,1,1,1,3,1,1,2,1,2,1,2,2,1,1,1,4,4,5,5,4,5,4,5,4,4,5,4,4,5,4,4,4,4
470,0,18-21,Female,Metal,Fuck everything SS,2,3,1,1,3,1,1,2,2,2,1,3,1,3,1,2,2,1,3,1,2,1,3,1,3,1,1,1,2,3,1,4,1,3,1,3,2,1,3,1,5,4,4,4,4,4,4,4,3,4,5,4,4,3,3,3,5,4
473,0,31,Male,Goth,Summer breeze ,4,1,4,1,2,1,1,1,4,1,2,2,1,3,2,2,3,2,1,1,4,1,4,1,3,1,1,1,3,2,1,2,1,2,1,2,1,1,1,1,4,3,4,5,4,4,3,4,3,5,5,3,4,4,4,5,5,4
474,0,22-25,Male,Emo,The quiet things that no one ever knows - Brand New,2,1,2,1,1,1,1,1,1,1,1,2,1,1,2,1,2,2,1,1,2,1,3,1,1,2,2,1,3,1,1,3,2,1,2,1,3,2,2,1,2,2,2,2,2,2,4,2,4,4,2,4,4,2,2,4,4,2
475,0,26-30,Male,Emo,A Sunday - Jimmy Eat World,3,1,1,4,1,1,1,1,2,1,3,1,1,1,1,1,2,2,2,1,1,1,2,2,1,1,1,1,2,1,2,1,1,2,1,1,2,2,2,1,2,4,3,4,3,3,4,4,4,4,4,3,4,3,3,4,4,4
476,0,22-25,Male,Emo,Wish - Basement,1,3,2,4,2,3,4,2,2,1,2,2,3,2,4,1,2,3,1,3,1,4,2,4,1,3,3,1,1,1,1,1,2,1,2,1,1,2,1,2,2,4,3,4,3,3,2,2,4,5,2,4,5,2,2,5,4,2
478,0,18-21,Male,Emo,The Quiet Things That No One Ever Knows by Brand New,5,1,4,1,1,2,1,1,3,3,2,4,1,3,1,2,3,2,2,1,3,1,1,2,1,1,1,1,1,2,2,1,1,4,2,2,2,2,1,2,3,5,4,4,4,4,4,2,5,5,5,5,5,2,4,5,5,4
483,0,22-25,Female,Metal,Whitechapel - Possessions,5,1,4,1,2,1,1,1,3,1,1,2,1,1,1,3,4,1,2,1,5,1,3,1,3,1,1,1,4,1,1,2,1,3,1,4,3,1,4,1,4,4,4,4,4,4,3,4,4,5,4,4,4,4,5,4,2,4
484,0,26-30,Male,Goth,In the Flat Field - Bauhaus,4,2,2,1,3,4,3,2,3,3,2,4,4,4,3,4,4,1,3,2,4,1,3,1,4,2,1,2,4,4,1,5,2,4,2,4,5,3,5,2,4,4,4,4,4,4,5,3,4,4,4,4,4,3,4,4,3,3
486,0,18-21,NB,Goth,Specimen - kiss kiss bang bang,4,1,4,2,3,1,1,1,4,2,4,2,1,2,2,2,4,3,3,1,3,2,4,1,4,1,1,1,4,3,2,2,1,2,2,3,3,1,3,1,4,4,4,2,5,5,4,3,4,5,4,5,5,2,5,5,5,3
487,0,26-30,Male,Emo,MCR,2,1,2,1,3,1,2,2,1,1,2,3,2,1,3,1,1,3,3,2,3,1,3,1,3,1,1,1,4,2,1,4,1,2,1,2,3,4,3,1,2,2,2,4,2,2,4,2,2,5,3,4,4,2,3,5,3,2
488,0,18-21,Female,Emo,Knives and Pens,4,4,3,5,2,5,4,4,2,3,3,4,5,2,4,2,4,4,1,3,4,3,4,3,2,4,4,4,3,3,3,4,4,2,4,2,3,4,1,4,4,2,4,5,4,4,4,4,3,3,4,3,4,4,4,3,4,5
490,0,26-30,Male,Goth,Black Planet � Sisters of Mercy,2,1,2,1,3,1,2,1,3,3,1,2,1,4,1,2,2,1,2,1,2,3,2,2,3,2,1,1,2,3,1,2,2,2,1,1,2,1,2,2,3,3,3,4,4,3,3,4,4,3,4,3,3,3,4,4,5,3
491,0,22-25,Male,Emo,Brand new ,4,1,2,1,3,3,2,1,3,4,2,3,2,3,1,3,3,4,2,1,4,1,4,1,4,2,1,1,4,4,2,4,2,4,1,4,4,3,4,1,1,3,4,3,4,4,3,2,2,3,2,4,4,2,4,4,4,2
494,0,18-21,Male,Emo,Rites of spring drink deep,3,2,4,2,1,1,1,1,2,1,1,3,1,3,2,1,1,1,1,1,4,5,4,1,3,1,1,1,3,2,1,1,1,4,1,1,1,1,1,1,5,4,5,4,4,5,5,4,3,4,5,3,5,5,4,5,4,5
497,0,26-30,Male,Emo, The quiet things that no one ever knows - Brand new,1,1,1,1,1,1,1,1,1,1,1,1,1,1,1,1,1,1,1,1,5,5,5,5,5,5,5,5,5,5,5,5,5,5,5,5,5,5,5,5,3,3,3,3,3,3,3,3,3,3,3,3,3,3,3,3,3,3
498,0,18-21,Male,Emo,Rites of Spring Drink Deep,3,4,1,4,1,5,4,1,1,1,2,4,4,1,5,2,1,4,2,4,2,1,1,3,1,4,3,2,1,1,1,1,4,1,3,1,2,4,1,4,2,4,2,4,3,2,3,4,1,5,4,3,5,1,1,5,4,2
500,0,18-21,Female,Emo,Wish - Basement,4,4,2,3,1,1,2,1,1,2,3,2,3,4,2,2,1,1,1,2,3,2,3,1,2,1,2,1,2,4,2,2,1,4,2,3,2,1,2,2,4,2,4,4,4,4,4,3,2,3,4,3,4,4,3,4,4,4
502,0,18-21,NB,Emo,Drink Deep By Rites Of Spring,4,1,3,1,4,1,1,1,3,2,1,3,1,2,1,4,4,1,3,1,4,1,4,1,5,1,1,1,4,2,1,4,1,5,1,4,3,1,4,1,4,4,4,4,3,2,2,4,2,4,5,3,4,4,5,4,5,5
505,0,31,Female,Goth,Mask - Bauhaus,2,4,1,4,4,1,1,2,3,3,2,3,1,4,1,4,3,1,2,1,3,2,2,1,4,1,1,1,4,3,2,4,1,4,1,4,3,1,3,1,4,5,4,5,4,4,3,4,3,3,5,4,2,3,5,4,4,3
508,0,22-25,Female,Main,billie jean,3,2,3,2,3,1,2,2,3,2,2,4,1,2,2,3,3,1,1,1,3,1,3,1,3,1,1,1,4,3,1,3,1,3,1,3,3,1,3,1,4,2,5,4,4,4,2,4,4,4,4,2,2,4,4,2,2,4
509,0,26-30,Female,Goth,Summer Breeze,2,1,1,1,1,1,1,1,1,1,2,2,1,1,1,1,2,1,1,1,2,1,1,1,1,1,1,1,1,1,2,1,1,1,1,1,2,1,1,1,3,3,3,4,4,3,2,4,4,3,4,3,3,4,4,4,1,4
510,0,18-21,NB,Emo,Drink Deep - Rites of Spring,4,1,4,1,3,1,1,1,4,3,1,3,1,2,1,3,3,1,2,1,3,1,3,1,3,1,1,1,4,3,1,4,1,3,1,3,4,1,3,1,5,4,5,5,5,5,5,5,4,4,5,3,4,5,4,4,4,5
512,0,22-25,Female,Metal,Metallica - Enter Sandman,2,1,2,1,1,1,1,1,2,1,1,2,1,1,1,1,2,1,1,1,2,1,2,1,2,1,1,1,2,1,1,2,1,2,1,1,2,1,2,1,5,2,4,5,4,4,2,4,2,4,4,4,2,2,2,2,2,4
513,0,18-21,NB,Emo,The Quiet Things That no one Ever Knows,2,3,1,2,1,3,1,1,1,1,2,2,4,2,3,2,2,3,1,2,4,2,4,1,2,2,1,1,3,2,1,2,2,3,2,2,2,2,1,1,2,2,2,4,4,3,3,3,4,5,3,5,5,2,4,5,4,4
515,0,31,Female,Goth,in the flat field,3,3,3,3,3,4,2,2,3,3,4,3,2,2,3,3,3,2,4,2,3,2,3,2,3,2,2,2,3,2,2,2,2,3,2,2,3,2,3,2,4,2,3,5,4,3,3,4,3,4,4,3,3,4,4,4,4,3
516,0,31,Male,Main,passionfruit,4,2,4,2,3,1,1,1,3,2,2,2,1,3,2,3,2,1,1,1,3,1,3,1,3,1,1,1,3,3,1,3,1,3,1,3,3,1,2,1,4,4,4,4,3,3,3,4,2,4,5,4,4,4,4,3,3,3
518,0,18-21,Male,Goth,In the flat field- Bauhaus ,4,1,3,2,1,1,2,1,2,1,1,3,1,2,1,1,3,1,3,1,4,2,4,2,3,2,1,1,3,2,1,3,1,3,2,2,3,1,3,1,5,4,3,4,4,4,3,3,2,5,4,2,4,3,4,5,4,4
520,0,18-21,Oth,Goth,Black Planet,4,2,4,1,3,2,1,1,3,5,2,4,2,3,2,3,4,2,4,1,4,1,5,1,4,1,1,1,4,5,1,5,1,4,1,4,5,1,5,1,5,4,5,5,5,5,5,5,5,5,5,5,5,5,5,5,5,5
523,0,18-21,Female,Main,Billie Jean Michael Jackson ,4,1,4,1,3,1,1,1,4,3,1,5,1,3,1,4,5,1,2,1,5,1,5,1,3,1,1,1,4,3,1,5,1,4,1,4,5,2,5,1,4,4,4,4,3,3,2,4,2,2,4,2,2,2,4,4,2,4
524,0,22-25,Female,Main,thinking out loud Ed sheeran ,2,3,2,1,4,1,1,1,4,4,1,4,1,4,2,4,4,1,3,1,4,1,3,1,4,1,1,1,4,4,1,4,1,4,1,4,4,1,3,1,,,,,,,,,,,,,,,,,,
525,0,22-25,Female,Main,Drake passion fruit ,2,1,2,1,3,1,1,1,3,4,1,3,1,4,2,4,4,1,2,1,4,1,3,1,4,1,1,1,4,4,1,3,1,4,1,4,4,1,3,1,4,4,4,4,3,3,3,4,3,3,4,4,4,3,3,4,4,4
526,0,22-25,Female,Metal,Psychosocial- slipknot ,2,1,2,1,3,2,1,1,3,3,2,2,1,3,1,2,3,2,1,1,4,1,3,1,3,1,1,2,3,3,1,3,1,2,1,2,2,1,2,1,5,4,4,5,5,4,3,4,4,4,4,2,4,4,4,2,3,4
528,0,22-25,Female,Main,Billie Jean ,3,1,2,1,4,1,1,1,3,2,1,2,1,3,1,3,2,1,2,1,2,1,4,1,4,1,1,1,4,3,1,3,1,2,1,3,2,1,2,1,2,2,2,3,4,4,3,4,2,2,4,2,2,2,4,4,4,3
532,0,22-25,Female,Goth,The hanging garden,4,1,3,1,2,1,1,1,3,2,1,2,1,5,3,2,3,5,3,3,4,1,2,1,2,1,2,1,3,2,1,2,1,5,1,2,2,5,2,1,2,5,4,5,4,4,3,3,4,3,3,4,4,3,4,5,2,3
533,0,22-25,Male,Emo,Wish - Basement,3,2,1,1,3,2,2,1,3,2,2,3,2,3,2,4,3,2,3,2,3,2,2,2,3,2,2,1,2,2,2,3,2,3,2,3,2,1,3,2,3,3,2,3,4,4,3,4,3,4,2,3,3,3,4,4,3,4
534,0,18-21,Female,Emo,Welcome to the black parade - MCR,4,1,4,1,3,1,2,1,4,3,1,1,1,2,2,3,1,1,2,2,4,1,5,1,4,1,1,1,4,3,1,3,1,4,1,2,1,1,2,1,4,4,4,4,4,4,3,4,4,4,4,4,4,4,4,4,4,4
535,0,18-21,Female,Metal,CuntCrusher,3,1,4,3,5,1,1,1,1,2,2,1,1,1,1,1,1,1,1,1,5,1,5,2,5,1,1,1,4,5,1,2,1,4,1,4,4,2,4,1,4,5,3,5,5,4,5,3,5,5,3,5,5,1,5,5,5,3
536,0,18-21,Male,Main,Thinking out loud  Ed Sheehan,3,1,2,1,3,2,2,1,2,1,1,4,1,1,1,1,3,1,2,1,4,1,3,1,2,1,1,1,2,1,1,2,1,3,1,1,2,1,2,1,2,4,4,4,2,2,2,4,2,2,4,2,2,4,2,4,1,4
537,0,31,Female,Goth,"""Black Planet"" - Sisters of Mercy",3,1,2,1,4,1,1,1,2,4,2,2,1,4,3,4,4,2,3,1,3,1,3,1,3,1,1,1,3,4,1,4,1,5,1,4,4,1,3,1,5,4,3,5,5,5,4,4,5,4,5,4,4,4,5,3,4,5
538,0,26-30,Female,Main,Ariana Grande Ghostin,3,1,3,1,2,1,1,1,3,2,1,2,1,2,1,2,3,1,2,1,3,2,2,2,2,1,1,1,1,1,1,1,1,2,1,1,1,1,1,1,4,4,4,4,4,4,3,4,4,4,4,4,4,4,4,4,3,3
539,0,18-21,Female,Emo,Welcome to the Black Parade - MCR,1,1,2,2,1,1,1,1,3,1,2,4,2,1,3,2,1,4,2,3,4,1,3,1,3,1,2,1,4,2,2,3,1,3,3,2,1,2,2,2,5,4,4,5,4,4,5,4,5,5,5,2,4,5,4,4,5,4
540,0,18-21,Female,Main,Thinking out loud ,2,2,1,2,3,1,1,1,1,1,3,1,1,1,2,2,1,1,1,1,2,1,3,1,2,1,1,1,2,2,2,2,1,3,1,3,3,1,2,1,2,4,2,4,4,5,5,4,4,5,3,3,5,4,5,5,4,2
541,0,18-21,Female,Main,bad romance,4,4,3,2,1,4,1,1,4,1,2,1,2,3,5,2,2,1,1,1,3,2,3,2,1,3,1,1,4,1,2,1,2,4,4,1,1,2,1,1,5,3,3,5,5,5,5,5,4,3,3,3,3,3,4,5,5,4
543,0,22-25,Male,Emo,A Sunday - Jimmy Eat World ,4,2,3,2,3,1,2,1,3,3,1,4,1,3,2,3,1,1,4,1,2,1,2,1,4,1,1,2,3,4,1,2,1,3,1,2,2,1,4,2,4,5,2,1,4,4,2,1,5,5,4,5,5,3,2,4,4,2
544,0,18-21,Female,Goth,The Hanging Garden - The Cure,2,2,3,2,1,1,2,1,2,1,2,2,1,1,2,2,3,1,1,3,2,2,2,2,1,1,2,1,3,1,1,2,1,2,2,2,2,1,1,2,5,3,3,4,4,3,4,4,3,4,4,4,4,3,3,4,4,4
545,0,31,Male,Main,Michael Jackson ,4,2,1,4,1,3,2,1,4,4,4,5,2,1,4,3,5,3,2,2,4,3,2,2,3,3,2,1,2,3,2,5,2,2,2,3,4,2,2,2,1,5,3,5,3,3,3,5,5,3,5,5,5,3,3,4,2,4
547,0,18-21,Female,Emo,BvB Knives and Pens,3,1,1,1,1,1,1,1,1,1,1,2,1,1,1,1,2,1,1,1,2,1,2,1,1,1,1,1,2,1,1,3,1,2,1,2,3,1,1,1,5,5,5,4,2,2,3,5,4,4,5,3,4,3,2,3,2,4
548,0,22-25,Male,Metal,Hail to the King - Avenged Sevenfold,3,2,2,2,2,1,1,1,2,2,1,3,1,1,3,1,2,3,4,2,3,1,3,1,3,1,1,2,3,2,2,3,1,2,1,1,2,2,4,1,5,5,4,4,3,3,3,5,3,4,5,3,3,5,4,4,4,5
550,0,18-21,Female,Main,Passionfruit- Drake,4,1,1,1,4,1,1,1,3,3,1,4,1,4,2,4,5,1,5,1,4,1,1,1,4,1,1,1,4,4,1,4,1,5,2,1,4,1,5,1,4,4,3,4,3,3,3,4,4,4,4,4,4,4,4,4,3,4
551,0,22-25,Male,Main,Stronger,3,2,4,3,2,1,2,1,3,3,2,3,3,3,2,3,3,2,3,2,2,2,3,2,3,1,1,2,3,3,1,2,2,3,1,4,4,1,4,4,5,4,5,5,4,4,4,5,5,5,5,4,4,5,5,5,3,4
554,0,18-21,Female,Main,One more time,5,1,5,1,2,1,1,1,5,2,2,2,1,5,1,3,2,1,1,1,5,1,5,1,2,1,1,1,5,3,1,2,1,5,1,3,3,1,3,1,5,5,5,5,4,4,3,4,4,5,4,5,5,4,4,5,4,4
555,0,18-21,NB,Emo,Welcome to the Black Parade - MCR,5,2,2,2,3,1,3,1,4,2,1,2,3,1,2,4,3,2,2,2,5,1,3,2,4,1,2,1,4,4,1,4,1,4,1,5,4,2,3,2,4,3,3,4,5,5,5,3,4,4,4,4,4,3,5,4,4,2
557,0,22-25,Male,Metal,Psychosocial - Slipknot,3,2,2,2,3,2,1,1,3,2,2,2,1,2,1,3,3,1,3,1,3,1,4,1,4,1,1,2,4,1,2,3,1,3,1,4,3,2,4,1,5,5,5,4,4,3,4,5,3,4,3,4,4,4,3,5,4,4
558,0,18-21,Male,Metal,Enter Sandman - Metallica,4,2,4,2,3,1,1,1,3,1,1,3,1,1,1,2,3,2,2,1,4,1,5,1,3,1,1,1,4,1,1,4,1,2,1,5,5,1,3,1,5,4,4,5,3,3,4,4,4,5,4,3,4,5,4,4,5,5
559,0,22-25,Female,Main,Billie Jean - Michael Jackson,4,1,3,1,4,2,1,1,4,3,2,4,1,2,1,4,3,1,1,1,4,1,4,1,4,1,1,1,4,3,1,4,1,4,1,4,4,1,3,1,5,4,4,4,5,5,4,4,4,4,4,4,4,4,5,4,4,4
562,0,18-21,Male,Main,Stronger - Kanye,2,1,1,1,2,1,1,1,2,1,1,3,1,1,1,1,2,1,2,1,2,1,1,1,2,1,1,1,1,2,1,3,1,1,1,4,3,1,2,1,3,4,5,5,5,5,3,4,3,3,5,2,2,4,4,2,2,4
564,0,18-21,Male,Main,Stronger,4,1,1,1,1,2,1,2,2,1,1,3,1,1,1,1,2,1,1,1,2,1,2,1,2,1,1,1,2,1,1,3,1,1,1,2,2,1,2,1,4,4,4,4,4,4,4,4,4,4,4,4,4,4,4,4,4,4
565,21548,18-21,Female,Main,Ed Sheeran - Thinking out Loud ,1,2,1,1,1,2,2,3,1,2,3,2,1,2,2,2,2,1,1,2,2,2,3,1,1,1,2,1,3,1,2,2,1,2,2,2,1,1,2,2,2,3,2,4,4,2,4,2,2,4,2,3,4,2,2,4,2,1
566,21614,18-21,Female,Main,ariana grande- Ghostin,2,1,2,2,3,1,1,1,2,2,2,2,1,3,1,3,2,2,2,1,3,1,2,1,2,1,1,1,3,3,1,3,1,3,1,3,3,1,3,1,4,4,3,4,4,4,3,4,4,4,4,3,3,4,4,4,3,4
567,21532,18-21,Male,Main,thinking out loud - ed Sheeran ,4,1,3,1,3,2,1,2,3,3,2,3,1,2,2,3,2,2,2,2,3,2,3,1,3,2,1,1,3,3,2,3,2,3,1,4,2,1,3,1,4,5,4,4,4,5,4,4,4,5,4,4,5,4,5,5,5,5
568,21611,18-21,Female,Main,Passionfruit - Drake ,4,1,3,1,1,1,1,1,3,1,1,3,1,2,1,2,1,1,2,1,3,1,4,1,3,1,1,1,4,1,1,4,1,4,1,3,1,1,5,1,5,4,5,5,5,5,3,5,5,5,5,4,4,5,5,4,3,4
569,22685,18-21,Female,Main,Ghostin - Ariana Grande,4,1,2,1,1,1,1,1,2,1,2,1,1,1,2,1,3,1,1,1,2,2,1,3,1,1,1,1,1,1,1,3,1,3,2,2,2,1,1,1,4,4,5,5,5,5,2,4,2,4,4,2,4,5,5,4,4,5
571,21451,18-21,Male,Main,Passionfruit - Drake,3,1,2,1,3,1,1,1,3,3,1,3,1,4,1,4,4,1,4,1,3,1,3,1,3,1,1,1,4,4,1,4,1,4,1,4,4,1,4,1,4,3,4,4,4,4,2,3,3,4,4,4,4,4,4,4,2,4
572,21549,18-21,Female,Main,Passionfruit - Drake,3,2,2,1,3,1,1,1,3,1,2,3,1,3,2,3,3,1,3,1,2,1,2,1,3,1,1,1,4,2,1,3,1,3,1,1,1,1,2,1,2,4,4,4,4,4,2,4,2,4,2,4,4,2,5,4,3,4
573,21498,18-21,Female,Main,Passionfruit - Drake,5,2,4,1,4,1,3,1,5,5,3,3,1,4,3,4,3,1,4,4,4,1,4,1,4,1,2,1,4,5,2,4,1,5,4,5,4,1,4,2,4,5,3,4,5,5,5,5,5,5,4,5,5,4,5,5,5,5
578,21450,18-21,Female,Main,Ghostin - Ariana Grande,1,2,1,3,1,1,3,2,1,3,5,1,2,2,4,2,1,3,1,3,1,3,1,3,1,1,2,2,1,2,5,1,1,1,3,1,1,2,1,2,1,4,3,4,4,4,1,4,1,2,2,3,4,2,4,4,2,4
579,21415,18-21,Female,Main,Thinking Out Loud - Ed Sheeran,4,2,2,1,3,1,2,1,3,3,1,4,1,4,3,4,3,2,2,1,4,1,2,1,3,1,1,1,3,3,1,3,1,4,2,4,3,1,1,1,4,4,3,4,3,2,3,4,5,4,5,5,4,4,3,4,3,4
581,21459,18-21,Female,Main,I love you - Billie Eilish ,2,1,1,1,2,1,1,1,1,1,2,2,1,1,2,1,1,2,1,1,2,1,1,1,1,1,1,1,1,1,1,1,1,1,2,1,2,1,1,1,4,4,2,4,2,2,2,4,4,4,4,2,4,4,2,4,2,4
583,0,31,Female,Main,Rhianna,2,1,1,1,1,1,1,1,1,1,1,1,1,1,1,1,1,1,1,1,2,1,1,1,1,1,1,1,1,1,1,1,1,1,1,1,1,1,1,1,3,3,3,3,3,3,3,3,3,4,3,3,3,3,3,3,3,3
584,0,18-21,Female,Main,Ed Sheeran,3,2,3,1,4,1,1,1,4,4,1,3,1,3,1,3,4,1,2,1,4,1,4,1,3,1,1,1,4,3,1,2,1,3,1,1,4,1,2,1,5,4,5,5,5,5,3,4,3,4,4,3,4,4,4,4,5,5
585,0,18-21,Female,Main,Ed Sheeran - thinking out loud,2,1,1,1,2,1,1,1,2,3,1,2,1,2,1,3,2,1,3,1,3,1,3,1,3,1,1,1,3,4,1,4,1,3,1,3,2,1,3,1,4,4,4,4,4,4,3,4,3,3,4,4,4,4,4,4,3,4
587,21507,18-21,Female,Main,Passionfruit - Drake,3,2,3,1,2,1,1,1,1,1,2,2,1,2,2,1,2,2,2,1,3,1,3,1,1,1,1,1,2,1,1,1,1,2,1,2,2,2,2,1,4,4,4,5,3,3,4,5,3,4,4,4,4,3,3,4,3,4
588,0,26-30,Male,Main,bad romance,2,1,3,1,3,1,1,1,3,3,1,1,1,3,1,3,3,1,2,1,3,1,3,1,3,1,1,1,4,3,1,3,1,4,1,3,3,1,3,1,4,3,5,4,4,4,4,4,4,4,4,3,4,4,4,4,4,4
592,0,22-25,Female,Main,bad romance,2,2,1,1,1,1,1,1,1,1,2,3,1,1,4,1,3,2,2,1,2,2,2,1,2,1,1,1,2,1,1,3,1,1,3,2,3,2,2,1,4,4,4,4,4,4,3,4,4,5,4,3,5,4,4,4,4,4
593,0,26-30,Male,Main,Umbrella - Rihanna,2,1,1,1,1,1,1,1,2,1,1,2,1,1,1,3,2,1,1,1,2,1,2,1,2,1,1,1,3,1,1,2,1,2,1,2,1,1,2,1,4,4,3,4,4,3,3,4,3,4,3,3,3,4,4,3,2,4
595,0,31,Female,Metal,Angel of Death,4,1,3,2,3,2,2,1,4,4,2,2,2,3,1,4,2,1,1,2,3,1,4,1,3,1,1,1,4,4,2,2,2,3,1,4,3,1,2,1,2,5,5,3,4,5,4,3,4,5,3,3,5,3,4,5,5,4
596,0,18-21,Male,Main,Thinking out loud,4,1,3,2,3,2,2,1,3,4,1,2,1,2,1,3,3,2,4,1,2,1,3,2,3,2,1,1,3,4,1,2,3,4,1,3,4,1,2,1,4,2,4,5,4,4,4,4,3,4,5,3,4,4,4,3,4,5
598,0,26-30,Male,Metal,Angel Of Death - Slayer,4,2,3,1,4,2,1,1,3,3,1,3,3,3,3,5,3,1,3,3,4,1,5,1,5,1,1,1,5,5,1,5,1,5,1,4,3,1,3,1,4,3,5,5,5,5,3,3,3,5,3,4,5,5,5,5,5,3
599,0,26-30,Male,Metal,Angel of Death - Slayer,4,3,3,2,3,2,1,1,3,4,1,4,1,2,2,3,3,2,3,1,3,1,4,1,3,1,1,1,4,3,1,3,1,3,1,3,4,2,4,1,4,4,4,5,4,3,3,4,3,4,4,4,4,3,3,3,4,4
600,21635,18-21,Female,Main,Umbrella - Rihanna,3,1,1,1,2,2,1,2,1,1,4,4,2,2,4,3,2,4,3,1,2,1,1,1,2,1,1,3,1,2,4,3,2,2,3,1,3,3,2,1,4,2,4,4,5,4,4,4,5,4,5,3,2,5,4,4,5,2
601,0,22-25,Female,Metal,Gravedancer,1,1,1,1,1,1,1,1,1,1,1,2,1,1,1,1,2,1,1,1,2,1,1,1,2,1,1,1,1,1,1,2,1,1,1,1,2,1,1,1,1,4,4,4,4,4,4,3,3,4,3,4,4,3,4,4,4,2
607,0,18-21,NB,Main,daft punk,2,2,2,2,2,2,2,1,2,2,2,2,1,2,2,2,2,2,2,3,3,1,3,1,3,2,2,1,3,3,1,1,1,3,1,3,3,1,3,1,4,3,2,4,4,5,3,4,4,2,4,2,4,4,4,2,4,4
611,0,26-30,Male,Metal,Slayer - Angel of Death,2,1,1,1,3,1,1,1,2,1,1,2,1,1,1,1,2,3,1,1,3,1,3,1,3,1,1,1,4,2,1,2,1,1,1,2,2,4,2,1,4,4,5,4,4,3,1,4,4,4,5,3,3,4,3,4,3,4
612,0,22-25,Male,Metal,Possession - Whitechapel,3,1,1,1,1,1,1,1,2,2,1,2,2,1,2,1,3,4,2,1,2,1,2,1,2,1,1,1,2,2,3,3,2,2,2,2,2,3,2,1,3,2,4,4,3,3,1,4,2,3,4,3,2,4,3,3,2,4
615,0,26-30,Male,Metal,Infant Annihilator- CuntCrusher,4,3,3,3,2,2,2,2,4,2,2,3,2,5,3,4,2,2,2,2,4,1,4,2,4,1,2,2,4,5,2,4,1,5,1,4,4,2,2,2,5,4,5,5,3,4,4,5,3,4,5,4,4,4,3,4,5,4
616,0,22-25,Male,Metal,Angel of Death,4,1,1,1,3,1,1,1,4,2,1,3,1,2,2,3,3,1,1,1,4,1,2,1,3,1,1,1,3,2,1,3,1,2,2,3,2,1,2,1,5,4,5,4,4,4,5,4,4,4,4,3,4,4,4,4,4,4
619,0,31,Male,Metal,Angel of Death - Slayer,3,2,2,2,2,2,1,1,2,2,1,1,2,2,1,2,3,1,2,1,3,1,3,1,3,1,1,1,3,3,1,3,2,2,1,2,3,1,3,1,4,3,5,5,5,5,4,5,2,3,4,3,3,3,4,3,2,3
620,0,22-25,Male,Emo,Wish - Basement,2,1,1,1,1,1,1,1,1,1,1,2,1,1,2,1,2,2,1,1,2,1,1,1,2,1,1,1,1,1,2,2,1,1,1,1,2,1,1,1,4,3,4,3,4,4,3,4,3,3,4,2,2,3,3,4,4,4
621,0,31,Male,Metal,Angel of Death - Slayer,4,1,1,1,3,1,1,2,2,2,3,4,1,1,1,3,4,1,2,1,4,1,4,2,5,1,1,1,5,4,1,5,1,4,1,5,4,1,4,1,4,3,4,4,3,3,4,3,3,4,4,3,3,3,4,3,4,4
622,0,18-21,Male,Emo,Tragic Girl - Weezer ,3,1,3,1,3,1,1,1,1,1,1,1,1,1,1,1,2,2,1,1,4,1,3,1,1,1,1,2,3,1,1,1,1,1,1,1,2,1,1,1,5,2,4,4,3,3,2,4,2,3,4,2,3,4,3,4,5,4
626,21554,18-21,Female,Main,Drake- passion fruit ,4,2,2,1,1,1,2,1,2,1,1,2,1,1,3,1,2,1,2,3,2,1,2,1,1,1,1,1,2,1,1,1,1,1,2,1,1,2,1,1,4,4,4,5,4,3,4,4,4,5,4,5,5,3,3,5,3,3
627,21606,22-25,Female,Emo,Welcome to the Black Parage - MCR,2,2,1,2,1,1,1,1,1,1,2,2,1,1,1,1,2,2,1,1,2,1,2,1,2,1,1,1,2,2,2,2,1,3,1,2,2,1,2,1,4,4,4,4,5,4,4,4,4,4,4,4,4,4,4,4,4,4
628,21441,18-21,Female,Main,Stronger - Kanye,2,1,3,1,2,1,1,1,2,1,2,2,1,1,2,2,2,1,2,1,3,1,4,1,3,1,1,1,3,2,1,3,1,3,1,3,3,1,3,1,4,2,4,4,5,4,2,4,2,4,5,4,2,4,4,2,3,4
629,0,22-25,Female,Metal,gravedancer,2,2,2,2,2,1,1,1,2,1,3,2,1,2,2,2,2,1,1,1,3,1,3,1,3,1,1,1,3,3,1,3,1,3,1,3,3,1,2,1,2,4,4,4,4,4,3,2,4,4,2,4,4,2,4,4,4,2
630,0,31,Male,Goth,Black Planet - Sisters of Mercy,4,4,3,3,2,4,3,4,2,2,4,5,3,1,4,2,3,3,2,4,4,3,3,2,3,2,2,2,3,2,2,4,3,3,2,4,3,2,2,2,4,4,4,5,3,3,4,4,3,4,4,3,4,3,4,4,3,4
632,0,31,Male,Main,Ghostin,2,1,2,1,3,1,1,1,2,1,2,2,1,2,2,3,3,1,2,1,2,2,1,1,1,1,1,1,1,1,1,1,1,1,1,1,1,1,1,1,4,3,3,4,4,4,4,4,4,3,4,4,4,4,4,4,5,4
633,0,22-25,Male,Main,Ghostin - Ariana Grande,2,1,1,2,1,2,2,1,2,1,1,4,2,2,4,2,3,3,2,2,2,2,2,3,1,2,2,1,2,2,1,3,2,3,2,2,3,2,2,2,1,3,4,3,3,4,3,4,2,5,2,4,4,4,3,5,4,3
635,0,18-21,Female,Main,Bills Jean ,3,1,3,1,4,1,1,1,3,3,2,4,1,3,1,2,3,1,3,1,4,1,4,1,3,1,1,1,3,3,1,4,1,2,1,3,3,1,4,1,5,4,4,5,4,4,4,4,3,4,4,3,4,4,4,4,4,4
637,0,22-25,Male,Main,Ghostin - Ariana Grande,2,1,1,2,1,2,2,1,1,1,1,2,3,1,2,1,3,2,1,2,3,1,3,1,2,2,1,1,2,2,1,3,2,2,2,2,3,2,2,1,2,4,3,2,3,3,2,4,2,4,2,4,4,2,3,4,4,2
638,21639,18-21,Male,Main,Stronger- Kanye,3,1,2,1,2,1,1,1,2,1,2,3,1,2,2,2,3,3,2,1,3,1,2,1,2,1,1,1,3,2,2,2,1,2,2,2,3,2,2,1,2,4,4,3,4,2,2,4,3,4,4,4,4,2,4,4,2,4
639,0,26-30,Female,Main,Ghostin - Ariana Grande,3,1,1,1,3,1,1,1,2,1,1,3,1,1,1,3,3,1,1,1,3,3,1,1,1,1,1,1,1,1,1,1,1,2,1,1,2,1,1,1,2,3,4,3,4,4,2,4,2,4,3,4,4,2,3,5,2,1
641,0,31,Female,Main,Lady Gaga,4,1,1,1,3,1,1,1,3,3,2,3,1,2,1,2,3,1,2,1,3,1,2,1,2,1,1,1,2,3,1,3,1,2,1,2,3,1,2,1,3,4,2,2,4,4,3,3,3,2,4,2,3,4,4,2,2,4
643,0,31,Female,Main,Bad Romance,1,3,1,3,2,1,1,1,1,1,4,2,1,1,3,2,2,1,3,1,3,1,2,1,3,1,1,1,2,1,1,3,1,2,2,2,2,1,3,1,2,4,3,2,4,4,3,2,4,4,3,3,3,2,4,4,2,2
650,0,31,Female,Main,Stronger by Kanye west,4,1,2,2,1,1,1,1,4,1,1,3,1,1,1,1,3,1,2,1,3,2,1,2,1,1,1,1,2,1,2,3,1,1,1,1,2,1,1,1,2,3,3,2,3,3,3,2,2,3,2,3,2,2,3,4,3,2
651,0,31,Male,Main,Billie Jean,3,1,1,1,2,2,2,1,2,2,2,2,2,2,2,2,3,1,2,2,3,1,2,1,2,2,2,1,2,2,2,3,2,2,2,3,3,1,2,2,4,3,4,4,4,4,4,4,3,3,4,3,3,4,4,2,2,4
654,0,22-25,Female,Main,This is How wee Roll - Fifth Harmony,3,2,2,2,1,1,2,1,1,1,1,1,1,1,1,1,1,1,1,1,2,1,2,1,1,1,1,1,2,1,1,2,1,2,1,2,2,1,2,1,4,4,4,4,4,4,4,4,3,4,4,4,4,4,4,4,3,4
655,0,18-21,Male,Main,Bad Romance - Lady Gaga,2,1,3,1,4,1,1,1,2,2,3,4,1,3,3,2,2,4,1,2,3,1,3,1,4,1,1,2,3,3,1,3,1,4,1,4,2,2,2,1,4,5,5,5,5,5,5,5,5,5,5,4,5,5,4,4,5,5
656,0,18-21,Male,Goth,The Hanging Garden - The Cure,4,2,3,1,3,1,1,1,2,3,1,2,1,4,2,3,3,4,2,1,4,4,4,3,4,1,2,3,4,4,1,3,1,5,2,3,4,4,2,1,4,4,5,5,5,5,5,5,5,5,5,5,5,5,5,4,5,3
657,0,26-30,Female,Main,Ghostin - Ariana Grande,3,2,1,2,3,1,1,1,3,1,2,4,1,1,1,1,4,1,1,1,3,2,1,3,1,1,1,1,1,1,1,4,1,2,1,1,4,1,1,1,4,4,4,5,5,5,5,5,5,5,5,5,5,5,5,5,5,5
660,0,18-21,Female,Main,Ghostin,3,2,2,2,1,1,1,1,2,1,1,1,1,2,2,1,2,3,1,1,2,2,1,3,1,1,1,1,1,1,1,2,1,2,2,1,2,3,1,2,1,2,1,3,4,2,2,2,2,5,2,4,5,1,3,5,4,2
661,0,22-25,Female,Main,passionfruit - drake ,3,1,1,1,1,1,1,1,1,1,1,1,1,1,1,1,1,1,1,1,3,1,2,1,1,1,1,1,1,1,1,3,1,1,1,1,2,1,1,1,4,4,4,4,4,4,4,4,4,4,4,4,4,2,3,4,2,4
663,0,18-21,Male,Main,One More Time - Daft Punk,1,2,3,4,5,4,3,2,1,2,3,4,5,4,3,2,1,2,3,4,5,4,3,2,1,2,3,4,5,4,3,2,1,2,3,4,5,4,3,2,2,3,4,5,4,3,2,1,2,3,4,5,4,3,2,1,2,3
665,0,18-21,Male,Metal,Hail to the King - Avenged Sevenfold,4,1,3,1,3,1,1,1,3,3,2,1,1,4,2,3,5,1,3,1,5,1,4,1,3,1,1,1,3,3,1,1,1,4,1,4,4,1,3,1,4,4,4,5,5,5,5,5,5,5,5,5,5,5,5,5,5,5
666,0,18-21,Male,Metal,,4,1,3,1,3,1,1,3,5,5,1,5,1,4,1,4,4,5,4,1,4,1,3,1,3,1,1,3,5,5,1,5,1,4,1,4,4,5,4,1,5,4,5,5,5,5,4,5,4,5,5,4,5,4,5,5,5,5
667,0,18-21,Male,Metal,Hail To The King - Avenged Sevenfold,4,2,3,1,1,1,2,1,3,4,1,5,1,4,2,4,5,5,5,1,5,1,5,1,4,1,1,1,5,4,1,5,1,4,1,4,5,2,4,1,5,4,5,5,5,5,5,5,4,5,5,5,5,4,5,3,5,5
669,0,18-21,Male,Metal,Psychosocial,4,1,4,1,3,1,1,1,4,3,2,2,1,4,1,2,2,1,3,1,4,1,4,1,3,1,1,1,4,3,2,3,1,4,1,3,3,2,3,1,4,5,4,5,5,5,5,5,5,5,5,5,5,5,5,5,5,5
673,0,31,Female,Main,Thinking Out Loud - Ed Sheeran,3,5,1,5,1,2,5,1,1,1,2,1,1,2,5,2,2,1,1,5,2,2,1,4,1,2,5,1,2,2,1,1,1,1,5,2,2,1,1,5,4,2,4,5,4,4,4,5,4,2,4,2,2,4,2,1,4,5
675,0,18-21,Male,Metal,Angel of Death - Slayer,4,2,3,2,2,2,2,1,3,2,1,2,1,2,2,2,1,2,1,1,3,1,4,1,5,2,1,3,4,1,2,3,2,3,1,3,3,2,3,1,3,3,4,4,4,4,3,4,3,5,4,3,4,3,5,4,4,3
676,0,22-25,Male,Metal,Hail to the King - Avenged Sevenfold,4,1,3,1,2,1,1,1,4,2,2,3,1,1,1,3,3,2,2,1,3,1,4,1,3,1,1,1,4,4,2,4,1,2,1,5,4,1,3,1,5,3,5,5,4,4,4,5,3,4,5,2,2,4,4,2,5,4
677,0,18-21,Male,Metal,Hail to the king ,4,4,3,2,3,1,3,1,4,4,3,4,1,3,4,4,4,4,4,4,4,2,4,2,3,1,3,1,4,4,2,4,1,4,2,4,4,2,4,3,4,4,2,3,4,4,3,4,4,4,2,4,4,2,4,5,3,2
678,0,18-21,Male,Metal,Hail to the King ,4,1,2,1,3,2,1,1,3,2,1,2,1,2,1,2,4,1,1,1,4,1,3,1,4,1,1,2,3,3,1,2,1,4,1,3,4,1,3,1,4,4,3,4,4,4,4,4,4,4,3,3,4,3,3,4,4,3
679,0,22-25,Male,Metal,Hail To the King ,5,1,4,1,4,1,1,1,3,3,3,4,1,3,3,4,4,1,4,1,4,1,4,1,4,1,1,1,4,4,1,4,1,4,1,4,4,1,4,1,4,3,5,5,5,5,5,5,5,5,5,5,5,4,4,4,5,5
684,0,18-21,Male,Metal,,4,1,3,1,1,4,1,1,4,3,4,3,1,4,2,4,4,2,2,3,4,1,3,1,1,4,1,1,4,3,4,3,1,4,2,4,4,2,2,3,4,5,5,5,5,5,5,5,5,5,5,5,5,5,5,5,5,5
685,0,18-21,Female,Metal,Psychosocial,2,2,1,2,1,3,2,1,1,2,4,1,3,1,3,2,3,4,1,3,2,1,2,2,2,3,2,2,2,1,3,1,2,2,3,2,1,3,1,2,4,2,4,5,3,4,4,4,3,4,4,3,3,4,4,5,4,5
692,0,18-21,Female,Emo,BVB - knives and prns,5,1,4,1,2,1,1,1,4,2,1,4,1,4,3,3,4,3,3,1,4,2,4,2,4,1,1,2,4,3,1,5,1,4,1,3,4,4,3,1,4,5,4,4,3,4,2,4,3,5,5,4,4,2,3,4,4,5
694,21615,18-21,Female,Main,passionfruit- Drake,2,1,2,1,2,1,1,2,3,2,4,2,1,2,1,2,2,2,2,1,3,1,2,1,2,1,1,1,2,1,3,2,1,3,1,2,2,1,2,1,4,3,4,4,4,4,4,4,4,4,4,4,4,4,4,4,4,4
697,0,18-21,Male,Metal,Hail to the King - Avenged Sevenfold,3,2,2,3,2,3,2,1,1,1,2,1,4,2,1,1,1,1,1,1,3,2,2,1,1,2,1,1,2,1,1,1,1,2,1,2,2,1,1,1,4,3,5,5,4,4,4,4,4,5,4,3,4,2,4,5,4,3
699,0,18-21,Male,Goth,Black Planet � Sisters of Mercy,2,3,2,2,1,1,1,1,1,2,1,1,1,2,1,2,3,1,1,1,2,2,1,1,1,2,1,1,1,2,1,1,1,3,1,1,2,1,1,1,2,2,2,3,2,2,4,2,4,4,4,4,3,2,2,2,5,3
700,0,18-21,Female,Metal,Hail to the King - Avenged Sevenfold,2,1,2,3,2,1,1,2,2,2,2,3,1,3,2,3,2,2,4,1,2,2,2,2,4,1,1,1,3,2,1,3,1,3,2,4,3,1,4,1,4,4,4,4,5,5,3,4,3,5,4,4,4,5,5,4,5,5
701,0,26-30,Male,Metal,Hail to the King - Avenged Sevenfold,4,1,3,1,4,1,1,1,2,3,3,3,1,1,1,4,5,1,2,1,5,1,4,1,4,1,1,1,4,4,1,5,1,4,1,4,5,1,4,1,4,4,4,4,3,4,3,4,3,3,4,4,4,4,4,4,3,3
703,0,22-25,Male,Metal,Enter Sandman-Metallica ,3,1,2,1,2,1,1,1,3,2,1,2,1,1,2,3,3,1,2,1,3,1,3,1,4,1,1,2,3,3,1,3,1,3,1,3,3,1,3,1,5,4,5,4,5,4,4,5,4,4,5,4,4,2,5,4,5,4
705,0,18-21,Female,Metal,Enter Sandman,5,4,2,1,1,1,4,2,3,1,2,3,1,1,4,1,4,2,1,3,5,2,3,1,3,1,2,2,5,1,2,4,1,2,2,4,4,2,3,2,4,4,3,4,5,5,5,3,5,5,3,4,5,3,5,5,5,4
